Ref,Monthly #,Date,Locality,ML,Weight,SEX,Mat Stage,prey,rostral ,Otolith length1,Otolith length2,Otolith length3,Otolith length4,Otolith length5,Otolith length6,Otolith length7,Otolith length8,Otolith length9,Otolith length10,Otolith length11,Otolith length12,Otolith length13,Otolith length14,Otolith length15,Otolith length16,Otolith length17,Otolith length18,Otolith length19,Otolith length20,Otolith length21,Otolith length22,Otolith length23,Otolith length24,Otolith length25,Otolith length26,Otolith length27,Otolith length28,Otolith length29,Otolith length30,Otolith length31,Otolith length32,Otolith length33,Otolith length34,Otolith length35,Otolith length36
182,2,3/5/96,Guaymas,55.4,5.5,H,II,Benthosema,,1.9,1.9,1.9,1.9,2.1,2,0,0,0,0,0,0,0,0,0,0,0,0,0,0,0,0,0,0,0,0,0,0,0,0,0,0,0,0,0,0
485,10,6/11/96,San Pedro,26,0.375,H,I,Benthosema,,2.1,0,0,0,0,0,0,0,0,0,0,0,0,0,0,0,0,0,0,0,0,0,0,0,0,0,0,0,0,0,0,0,0,0,0,0
507,20,6/16/96,San Pedro,24.2,0.3,H,II,Benthosema,,1.8,1.8,1.9,2.1,0,0,0,0,0,0,0,0,0,0,0,0,0,0,0,0,0,0,0,0,0,0,0,0,0,0,0,0,0,0,0,0
508,21,6/16/96,San Pedro,29.4,0.55,H,II,Benthosema,,1.2,0,0,0,0,0,0,0,0,0,0,0,0,0,0,0,0,0,0,0,0,0,0,0,0,0,0,0,0,0,0,0,0,0,0,0
718,1,9/6/96,Santa Rosalia,69.7,11.375,H,IV,Benthosema,,1.1,1.2,0,0,0,0,0,0,0,0,0,0,0,0,0,0,0,0,0,0,0,0,0,0,0,0,0,0,0,0,0,0,0,0,0,0
721,4,9/6/96,Santa Rosalia,67.4,11.5,H,III,Benthosema,,2.2,0,0,0,0,0,0,0,0,0,0,0,0,0,0,0,0,0,0,0,0,0,0,0,0,0,0,0,0,0,0,0,0,0,0,0
722,5,9/6/96,Santa Rosalia,69.1,9.025,M,V,Benthosema,,1.5,1.9,2.1,0,0,0,0,0,0,0,0,0,0,0,0,0,0,0,0,0,0,0,0,0,0,0,0,0,0,0,0,0,0,0,0,0
724,7,9/6/96,Santa Rosalia,69.8,13.55,H,III,Benthosema,,2.4,0,0,0,0,0,0,0,0,0,0,0,0,0,0,0,0,0,0,0,0,0,0,0,0,0,0,0,0,0,0,0,0,0,0,0
725,8,9/6/96,Santa Rosalia,59,5.975,H,II,Benthosema,,2.4,1.9,2.1,2.1,2.1,2.1,2.1,2.1,0,0,0,0,0,0,0,0,0,0,0,0,0,0,0,0,0,0,0,0,0,0,0,0,0,0,0,0
726,9,9/6/96,Santa Rosalia,49.5,3.85,H,II,Benthosema,,2.1,2.1,2.1,2.3,1.9,2.1,2.2,0,0,0,0,0,0,0,0,0,0,0,0,0,0,0,0,0,0,0,0,0,0,0,0,0,0,0,0,0
727,10,9/6/96,Santa Rosalia,67.2,9.3,M,V,Benthosema,,1.8,1.8,1.9,1.9,1.4,1.1,1.1,0,0,0,0,0,0,0,0,0,0,0,0,0,0,0,0,0,0,0,0,0,0,0,0,0,0,0,0,0
729,12,9/6/96,Santa Rosalia,68,10.1,H,III,Benthosema,,2,2.1,2.2,2.2,2,2.2,2.3,2.4,0,0,0,0,0,0,0,0,0,0,0,0,0,0,0,0,0,0,0,0,0,0,0,0,0,0,0,0
732,15,9/6/96,Santa Rosalia,59.5,5.675,M,V,Benthosema,,1.1,1.2,1.5,1.2,2.3,0,0,0,0,0,0,0,0,0,0,0,0,0,0,0,0,0,0,0,0,0,0,0,0,0,0,0,0,0,0,0
734,17,9/6/96,Santa Rosalia,72.5,13.625,H,IV,Benthosema,,2.1,0,0,0,0,0,0,0,0,0,0,0,0,0,0,0,0,0,0,0,0,0,0,0,0,0,0,0,0,0,0,0,0,0,0,0
737,20,9/6/96,Santa Rosalia,73.6,12.95,H,V,Benthosema,,2.2,2.2,2.1,2.2,2.1,1.9,2.2,2,2,0,0,0,0,0,0,0,0,0,0,0,0,0,0,0,0,0,0,0,0,0,0,0,0,0,0,0
738,21,9/6/96,Santa Rosalia,49.5,3.225,M,V,Benthosema,,2.1,1.8,1.4,1.2,1.2,0,0,0,0,0,0,0,0,0,0,0,0,0,0,0,0,0,0,0,0,0,0,0,0,0,0,0,0,0,0,0
739,22,9/6/96,Santa Rosalia,50.2,3.675,M,III,Benthosema,,1.5,0,0,0,0,0,0,0,0,0,0,0,0,0,0,0,0,0,0,0,0,0,0,0,0,0,0,0,0,0,0,0,0,0,0,0
762,,9/6/96,Santa Rosalia,62.1,,H,II,Benthosema,,2,2.2,1.8,2.2,1.9,1.2,1.3,1.3,1,0,0,0,0,0,0,0,0,0,0,0,0,0,0,0,0,0,0,0,0,0,0,0,0,0,0,0
771,24,9/8/96,Santa Rosalia,61,6.475,H,II,Benthosema,,1.9,2,1.9,2.1,2,2.1,2.2,2.4,1.8,1.5,1.4,0,0,0,0,0,0,0,0,0,0,0,0,0,0,0,0,0,0,0,0,0,0,0,0,0
773,26,9/8/96,Santa Rosalia,62.5,6.825,H,II,Benthosema,,2,2.2,2.2,2.3,1.4,0,0,0,0,0,0,0,0,0,0,0,0,0,0,0,0,0,0,0,0,0,0,0,0,0,0,0,0,0,0,0
774,27,9/8/96,Santa Rosalia,58.1,5.375,M,IV,Benthosema,,2.2,1.8,2.2,2.1,2.2,2,0,0,0,0,0,0,0,0,0,0,0,0,0,0,0,0,0,0,0,0,0,0,0,0,0,0,0,0,0,0
775,28,9/8/96,Santa Rosalia,45.3,2.6,H,II,Benthosema,,2.2,0,0,0,0,0,0,0,0,0,0,0,0,0,0,0,0,0,0,0,0,0,0,0,0,0,0,0,0,0,0,0,0,0,0,0
821,1,10/16/96,Santa Rosalia,72.5,14.65,H,V,Benthosema,,1.6,0,0,0,0,0,0,0,0,0,0,0,0,0,0,0,0,0,0,0,0,0,0,0,0,0,0,0,0,0,0,0,0,0,0,0
822,2,10/16/96,Santa Rosalia,61.2,6.225,M,V,Benthosema,,1.8,1.9,2,2.2,1.9,1.9,2,1.7,1.7,1.6,2,0,0,0,0,0,0,0,0,0,0,0,0,0,0,0,0,0,0,0,0,0,0,0,0,0
823,3,10/16/96,Santa Rosalia,68.8,9.325,M,V,Benthosema,,2.2,2.1,1.7,1.9,1.9,2.1,0,0,0,0,0,0,0,0,0,0,0,0,0,0,0,0,0,0,0,0,0,0,0,0,0,0,0,0,0,0
824,4,10/16/96,Santa Rosalia,70.7,11.4,H,III,Benthosema,,2.2,2.1,2.1,1.7,1.6,2.1,0,0,0,0,0,0,0,0,0,0,0,0,0,0,0,0,0,0,0,0,0,0,0,0,0,0,0,0,0,0
825,5,10/16/96,Santa Rosalia,58,5.5,M,V,Benthosema,,1.7,1.9,2.1,2,2.1,2.2,1.9,2,2.1,2.2,2,1.9,0,0,0,0,0,0,0,0,0,0,0,0,0,0,0,0,0,0,0,0,0,0,0,0
826,6,10/16/96,Santa Rosalia,60,5.8,H,III,Benthosema,,2.3,0,0,0,0,0,0,0,0,0,0,0,0,0,0,0,0,0,0,0,0,0,0,0,0,0,0,0,0,0,0,0,0,0,0,0
827,7,10/16/96,Santa Rosalia,53.1,4.125,H,II,Benthosema,,1.9,2,2.2,2,2.2,2.1,1.9,1.9,1.9,0,0,0,0,0,0,0,0,0,0,0,0,0,0,0,0,0,0,0,0,0,0,0,0,0,0,0
828,8,10/16/96,Santa Rosalia,57.1,4.475,H,II,Benthosema,,1.8,1.9,2,2,2.1,2.1,2,1.9,1.9,1.9,1.8,1.9,2,2.2,2.2,2.2,2.1,0,0,0,0,0,0,0,0,0,0,0,0,0,0,0,0,0,0,0
830,10,10/16/96,Santa Rosalia,66.2,8.225,H,III,Benthosema,,1.7,1.8,1.8,1.9,1.9,1.9,1.6,1.7,1.9,1.9,0,0,0,0,0,0,0,0,0,0,0,0,0,0,0,0,0,0,0,0,0,0,0,0,0,0
831,11,10/16/96,Santa Rosalia,78.6,15.325,H,V,Benthosema,,2.3,2.1,1.8,1.6,1.6,1.5,1.5,0,0,0,0,0,0,0,0,0,0,0,0,0,0,0,0,0,0,0,0,0,0,0,0,0,0,0,0,0
833,13,10/16/96,Santa Rosalia,61.8,7.68,H,III,Benthosema,,2.4,0,0,0,0,0,0,0,0,0,0,0,0,0,0,0,0,0,0,0,0,0,0,0,0,0,0,0,0,0,0,0,0,0,0,0
834,14,10/16/96,Santa Rosalia,45.5,2.1,M,V,Benthosema,,1.7,2,2.2,2.1,2.1,2.2,1.8,1.9,2,2.1,0,0,0,0,0,0,0,0,0,0,0,0,0,0,0,0,0,0,0,0,0,0,0,0,0,0
835,15,10/16/96,Santa Rosalia,61.5,3.7,H,III,Benthosema,,1.6,1.7,1.9,1.9,1.6,1.6,1.8,1.4,1.3,1.8,1.4,0,0,0,0,0,0,0,0,0,0,0,0,0,0,0,0,0,0,0,0,0,0,0,0,0
837,17,10/16/96,Santa Rosalia,54.3,3.775,M,V,Benthosema,,2.3,2.1,2.2,2.1,2.1,2.1,2.1,2.2,2,1.9,2,2.1,1.9,0,0,0,0,0,0,0,0,0,0,0,0,0,0,0,0,0,0,0,0,0,0,0
839,19,10/16/96,Santa Rosalia,65.7,9.325,H,III,Benthosema,,2.2,1.7,1.6,1.8,1.5,1.4,1.6,1.6,0,0,0,0,0,0,0,0,0,0,0,0,0,0,0,0,0,0,0,0,0,0,0,0,0,0,0,0
841,21,10/16/96,Santa Rosalia,53.6,4.375,M,V,Benthosema,,1.6,1.7,1.8,1.9,1.9,1.8,0,0,0,0,0,0,0,0,0,0,0,0,0,0,0,0,0,0,0,0,0,0,0,0,0,0,0,0,0,0
845,25,10/16/96,Santa Rosalia,51.7,3.65,H,II,Benthosema,,2,2.1,1.9,2,1.8,2.1,2,0,0,0,0,0,0,0,0,0,0,0,0,0,0,0,0,0,0,0,0,0,0,0,0,0,0,0,0,0
846,26,10/16/96,Santa Rosalia,54,3.975,M,V,Benthosema,,2.3,2.2,2,2.1,2.2,2.5,1.9,1.9,1.6,0,0,0,0,0,0,0,0,0,0,0,0,0,0,0,0,0,0,0,0,0,0,0,0,0,0,0
847,27,10/16/96,Santa Rosalia,46.6,2.4,H,II,Benthosema,,1.7,2.3,2.1,2,0,0,0,0,0,0,0,0,0,0,0,0,0,0,0,0,0,0,0,0,0,0,0,0,0,0,0,0,0,0,0,0
848,28,10/16/96,Santa Rosalia,68,9.2,H,V,Benthosema,,1.8,1.9,2,2,2.1,2.1,0,0,0,0,0,0,0,0,0,0,0,0,0,0,0,0,0,0,0,0,0,0,0,0,0,0,0,0,0,0
849,29,10/16/96,Santa Rosalia,71.2,10.5,H,III,Benthosema,,1.9,1.8,0,0,0,0,0,0,0,0,0,0,0,0,0,0,0,0,0,0,0,0,0,0,0,0,0,0,0,0,0,0,0,0,0,0
850,30,10/16/96,Santa Rosalia,50.2,3.375,M,III,Benthosema,,2.1,1.7,2.3,2.3,2,2.1,2.1,1.5,1.8,1.6,1.9,2,2,2.1,1.7,2.1,2.1,0,0,0,0,0,0,0,0,0,0,0,0,0,0,0,0,0,0,0
890,1,11/9/96,Guaymas,42.7,1.825,H,II,Benthosema,,1.8,1.9,2,2,2.3,2,2.1,1.9,2,2,2.1,2,2,1.9,1.7,1.9,0,0,0,0,0,0,0,0,0,0,0,0,0,0,0,0,0,0,0,0
891,2,11/9/96,Guaymas,58.5,4.975,M,V,Benthosema,,2,2.1,2.2,2.3,2.5,2.3,2.3,2.4,2.5,2.4,2.2,0,0,0,0,0,0,0,0,0,0,0,0,0,0,0,0,0,0,0,0,0,0,0,0,0
894,5,11/9/96,Guaymas,50.6,3.175,H,II,Benthosema,,1.9,2,2.1,2.1,2,2.1,2.1,2.2,2.4,2.1,0,0,0,0,0,0,0,0,0,0,0,0,0,0,0,0,0,0,0,0,0,0,0,0,0,0
895,6,11/9/96,Guaymas,47.2,2.8,M,IV,Benthosema,,2,2,2,2.1,1.8,2.3,2.1,2,0,0,0,0,0,0,0,0,0,0,0,0,0,0,0,0,0,0,0,0,0,0,0,0,0,0,0,0
896,7,11/9/96,Guaymas,54.9,4.025,M,V,Benthosema,,2.3,2.1,2.1,2.1,0,0,0,0,0,0,0,0,0,0,0,0,0,0,0,0,0,0,0,0,0,0,0,0,0,0,0,0,0,0,0,0
897,8,11/9/96,Guaymas,45,2.3,M,III,Benthosema,,1.7,1.9,2,2,2,2,2,2,2,2,2.4,0,0,0,0,0,0,0,0,0,0,0,0,0,0,0,0,0,0,0,0,0,0,0,0,0
898,9,11/9/96,Guaymas,52.2,3.975,H,III,Benthosema,,2.2,2.1,2.3,0,0,0,0,0,0,0,0,0,0,0,0,0,0,0,0,0,0,0,0,0,0,0,0,0,0,0,0,0,0,0,0,0
901,1,11/11/96,Guaymas,54.2,4.35,M,V,Benthosema,,1.7,1.8,1.9,1.9,0,0,0,0,0,0,0,0,0,0,0,0,0,0,0,0,0,0,0,0,0,0,0,0,0,0,0,0,0,0,0,0
905,5,11/11/96,Guaymas,41.9,2.95,M,V,Benthosema,,1.8,2,2,2,2.1,2.1,1.9,1.8,1.8,0,0,0,0,0,0,0,0,0,0,0,0,0,0,0,0,0,0,0,0,0,0,0,0,0,0,0
908,8,11/11/96,Guaymas,51.4,3.675,H,II,Benthosema,,1.9,2,2.1,2.2,0,0,0,0,0,0,0,0,0,0,0,0,0,0,0,0,0,0,0,0,0,0,0,0,0,0,0,0,0,0,0,0
911,3,11/12/96,Guaymas,59.9,5.325,M,V,Benthosema,,2,2,1.8,2.4,0,0,0,0,0,0,0,0,0,0,0,0,0,0,0,0,0,0,0,0,0,0,0,0,0,0,0,0,0,0,0,0
912,4,11/12/96,Guaymas,57.4,5.175,M,V,Benthosema,,1.9,1.9,2,2.2,2,1.8,2.2,1.9,2,2.1,1.7,0,0,0,0,0,0,0,0,0,0,0,0,0,0,0,0,0,0,0,0,0,0,0,0,0
920,12,11/12/96,Guaymas,52.2,3.9,H,II,Benthosema,,2.1,2,1.7,2.1,2,1.7,2,0,0,0,0,0,0,0,0,0,0,0,0,0,0,0,0,0,0,0,0,0,0,0,0,0,0,0,0,0
927,2,11/13/96,Guaymas,50.9,3.65,H,II,Benthosema,,2.3,0,0,0,0,0,0,0,0,0,0,0,0,0,0,0,0,0,0,0,0,0,0,0,0,0,0,0,0,0,0,0,0,0,0,0
1022,9,1/19/97,Guaymas,52,3.475,M,V,Benthosema,,1.7,1.8,1.8,2.1,2.1,2.1,2.1,2.1,1.8,1.9,2,2,2,2.1,2.2,1.7,1.8,2.2,2.2,2.1,0,0,0,0,0,0,0,0,0,0,0,0,0,0,0,0
1023,10,1/19/97,Guaymas,58.2,5.325,M,V,Benthosema,,1.9,1.9,1.9,2,2,2,2,2.1,2.2,1.8,1.8,2,2.1,2.1,1.9,0,0,0,0,0,0,0,0,0,0,0,0,0,0,0,0,0,0,0,0,0
1025,12,1/19/97,Guaymas,52.2,3.95,H,II,Benthosema,,1.9,1.9,2,2,2.2,1.8,1.9,1.5,2.1,1.7,1.7,1.8,2.1,2.1,0,0,0,0,0,0,0,0,0,0,0,0,0,0,0,0,0,0,0,0,0,0
1026,13,1/19/97,Guaymas,48,2.8,H,II,Benthosema,,1.6,1.5,2.1,1.7,1.9,2.1,2.1,2.1,1.9,1.7,1.7,1.7,1.8,2,2,1.8,1.9,0,0,0,0,0,0,0,0,0,0,0,0,0,0,0,0,0,0,0
1027,14,1/19/97,Guaymas,47.5,2.975,M,V,Benthosema,,1.8,1.5,2,2,1.8,1.9,2.1,1.8,1.8,1.6,1.5,2,2.1,1.7,1.7,1.5,2.1,2.1,2.1,2.1,2.1,0,0,0,0,0,0,0,0,0,0,0,0,0,0,0
1028,15,1/19/97,Guaymas,46.1,2.67,H,II,Benthosema,,1.8,1.8,1.7,1.7,2.1,1.6,1.5,1.7,1.7,1.8,1.6,1.5,1.8,1.9,2.1,2.1,1.9,0,0,0,0,0,0,0,0,0,0,0,0,0,0,0,0,0,0,0
1029,16,1/19/97,Guaymas,52.5,3.4,M,V,Benthosema,,1.6,1.8,2,2.1,2.2,1.8,1.8,0,0,0,0,0,0,0,0,0,0,0,0,0,0,0,0,0,0,0,0,0,0,0,0,0,0,0,0,0
1030,17,1/19/97,Guaymas,48.1,3.85,H,II,Benthosema,,1.7,1.7,2,2,2,2,2.1,1.9,2,2,2.1,2.1,0,0,0,0,0,0,0,0,0,0,0,0,0,0,0,0,0,0,0,0,0,0,0,0
1036,2,1/21/97,Guaymas,53.1,4.075,H,II,Benthosema,,2,2.1,1.6,1.8,2.2,2.1,1.9,1.7,2.1,2.1,1.9,0,0,0,0,0,0,0,0,0,0,0,0,0,0,0,0,0,0,0,0,0,0,0,0,0
1037,3,1/21/97,Guaymas,52.7,4.675,H,II,Benthosema,,1.7,2.2,2.5,2.1,2.2,2.2,2.8,1.8,1.8,2.1,2.1,2.3,0,0,0,0,0,0,0,0,0,0,0,0,0,0,0,0,0,0,0,0,0,0,0,0
1039,5,1/21/97,Guaymas,56,4.325,M,IV,Benthosema,,1.8,1.8,1.8,1.9,1.9,2,2,2,0,0,0,0,0,0,0,0,0,0,0,0,0,0,0,0,0,0,0,0,0,0,0,0,0,0,0,0
1040,6,1/21/97,Guaymas,55,4.3,M,III,Benthosema,,1.7,2.2,1.8,2.2,2.3,1.7,2.2,2.4,2.2,2,1.7,1.9,1.9,1.8,2.1,2.1,1.8,1.9,1.9,1.9,1.9,2,0,0,0,0,0,0,0,0,0,0,0,0,0,0
1041,7,1/21/97,Guaymas,55.2,4.225,H,II,Benthosema,,1.7,2.2,2.1,2.2,1.6,1.9,1.5,1.8,1.6,2.1,1.8,1.8,2,2.1,2,2,1.8,2,0,0,0,0,0,0,0,0,0,0,0,0,0,0,0,0,0,0
1042,8,1/21/97,Guaymas,55.6,4.6,H,II,Benthosema,,1.7,1.7,1.9,1.9,2.1,1.6,1.9,1.7,2.2,2.2,2.1,0,0,0,0,0,0,0,0,0,0,0,0,0,0,0,0,0,0,0,0,0,0,0,0,0
1046,18,1/23/97,Guaymas,73.5,11.825,H,III,Benthosema,,2.2,2.2,2,2,0,0,0,0,0,0,0,0,0,0,0,0,0,0,0,0,0,0,0,0,0,0,0,0,0,0,0,0,0,0,0,0
1048,20,1/23/97,Guaymas,71.6,11.55,H,III,Benthosema,,2,2,2.1,1.8,1.8,0,0,0,0,0,0,0,0,0,0,0,0,0,0,0,0,0,0,0,0,0,0,0,0,0,0,0,0,0,0,0
1050,22,1/23/97,Guaymas,58.9,5.6,H,II,Benthosema,,1.6,1.7,1.7,1.7,1.8,0,0,0,0,0,0,0,0,0,0,0,0,0,0,0,0,0,0,0,0,0,0,0,0,0,0,0,0,0,0,0
1056,28,1/23/97,Guaymas,75,11.35,M,V,Benthosema,,2.2,1.9,2,1.8,2.1,2,2.3,2.2,1.7,1.7,0,0,0,0,0,0,0,0,0,0,0,0,0,0,0,0,0,0,0,0,0,0,0,0,0,0
1057,29,1/23/97,Guaymas,69.9,,M,V,Benthosema,,1.6,1.8,2.1,2.2,2.3,2.2,2,2,2,1.9,2.2,0,0,0,0,0,0,0,0,0,0,0,0,0,0,0,0,0,0,0,0,0,0,0,0,0
1058,30,1/23/97,Guaymas,59.2,5.25,M,V,Benthosema,,2,2,2,2.1,2.2,2.2,1.9,1.9,2,2.4,2.2,2.1,2.1,1.7,0,0,0,0,0,0,0,0,0,0,0,0,0,0,0,0,0,0,0,0,0,0
1088,2,2/16/97,Guaymas,51.8,3.275,M,V,Benthosema,,1.7,1.7,1.8,1.9,1.9,2.1,1.9,1.7,2,2.1,1.6,0,0,0,0,0,0,0,0,0,0,0,0,0,0,0,0,0,0,0,0,0,0,0,0,0
1089,3,2/16/97,Guaymas,47.4,2.6,M,III,Benthosema,,1.6,1.7,1.5,2,2,2.1,2.1,1.7,1.7,1.7,1.9,1.9,1.9,0,0,0,0,0,0,0,0,0,0,0,0,0,0,0,0,0,0,0,0,0,0,0
1090,4,2/16/97,Guaymas,52,3.175,M,V,Benthosema,,1.5,1.7,1.8,1.8,1.8,1.8,2,1.9,0,0,0,0,0,0,0,0,0,0,0,0,0,0,0,0,0,0,0,0,0,0,0,0,0,0,0,0
1095,9,2/16/97,Guaymas,47.3,2.925,M,III,Benthosema,,2,1.8,2.1,2,1.7,1.6,1.9,2.2,2,0,0,0,0,0,0,0,0,0,0,0,0,0,0,0,0,0,0,0,0,0,0,0,0,0,0,0
1096,10,2/16/97,Guaymas,61.2,6.125,M,V,Benthosema,,2,2.1,2.2,2.3,1.9,1.9,1.8,2.1,2,0,0,0,0,0,0,0,0,0,0,0,0,0,0,0,0,0,0,0,0,0,0,0,0,0,0,0
1098,12,2/16/97,Guaymas,50.1,3.275,H,II,Benthosema,,1.8,1.8,1.9,1.9,2,0,0,0,0,0,0,0,0,0,0,0,0,0,0,0,0,0,0,0,0,0,0,0,0,0,0,0,0,0,0,0
1102,16,2/16/97,Guaymas,46.1,,H,II,Benthosema,,2,1.7,1.7,1.7,1.9,1.9,1.9,2,2,2,1.9,1.8,1.8,1.7,1.6,1.7,1.7,1.8,1.8,1.8,2,1.9,0,0,0,0,0,0,0,0,0,0,0,0,0,0
1105,19,2/16/97,Guaymas,43,,H,II,Benthosema,,1.9,2,2,1.6,1.8,1.6,1.8,0,0,0,0,0,0,0,0,0,0,0,0,0,0,0,0,0,0,0,0,0,0,0,0,0,0,0,0,0
1106,20,2/16/97,Guaymas,50.8,3.4,M,III,Benthosema,,1.7,1.7,1.7,1.8,1.9,2,2,2,0,0,0,0,0,0,0,0,0,0,0,0,0,0,0,0,0,0,0,0,0,0,0,0,0,0,0,0
1108,22,2/16/97,Guaymas,38.2,1.65,M,II,Benthosema,,2,2.1,1.9,1.9,1.9,1.7,2,1.7,1.7,1.9,1.9,1.9,2,2,0,0,0,0,0,0,0,0,0,0,0,0,0,0,0,0,0,0,0,0,0,0
1112,25,2/17/97,Guaymas,58,5.575,H,III,Benthosema,,1.7,1.8,1.5,1.9,1.9,2.2,1.4,1.9,0,0,0,0,0,0,0,0,0,0,0,0,0,0,0,0,0,0,0,0,0,0,0,0,0,0,0,0
1115,28,2/17/97,Guaymas,52.2,3.775,M,IV,Benthosema,,1.9,2,1.9,2,1.7,1.6,1.7,1.9,2.3,2.1,1.6,1.8,1.8,0,0,0,0,0,0,0,0,0,0,0,0,0,0,0,0,0,0,0,0,0,0,0
1135,,2/17/97,Guaymas,65.8,,M,V,Benthosema,,1.9,2.2,1.8,2.2,2.2,2.1,2.1,2.1,2.2,2.2,2.3,2.4,2,0,0,0,0,0,0,0,0,0,0,0,0,0,0,0,0,0,0,0,0,0,0,0
1159,,2/17/97,Guaymas,59.5,,M,IV,Benthosema,,1.8,1.9,1.9,1.9,2,2,1.9,1.9,2,0,0,0,0,0,0,0,0,0,0,0,0,0,0,0,0,0,0,0,0,0,0,0,0,0,0,0
1162,,2/17/97,Guaymas,69.2,,H,III,Benthosema,,1.6,1.6,1.7,2,0,0,0,0,0,0,0,0,0,0,0,0,0,0,0,0,0,0,0,0,0,0,0,0,0,0,0,0,0,0,0,0
1176,,2/19/97,Guaymas,53,,H,II,Benthosema,,1.6,1.6,1.6,1.6,1.7,2.2,1.7,1.8,1.8,1.7,1.8,0,0,0,0,0,0,0,0,0,0,0,0,0,0,0,0,0,0,0,0,0,0,0,0,0
1185,,2/19/97,Guaymas,51.2,,M,III,Benthosema,,2.1,2.1,2.1,2.1,1.9,1.9,2,0,0,0,0,0,0,0,0,0,0,0,0,0,0,0,0,0,0,0,0,0,0,0,0,0,0,0,0,0
1186,,2/19/97,Guaymas,56,,H,II,Benthosema,,2.1,2.1,2,2.2,1.9,1.9,2,2,1.9,2.2,1.8,2,0,0,0,0,0,0,0,0,0,0,0,0,0,0,0,0,0,0,0,0,0,0,0,0
1192,,2/19/97,Guaymas,50.6,,H,II,Benthosema,,2,1.7,1.6,1.5,1.7,1.6,2,1.9,1.8,0,0,0,0,0,0,0,0,0,0,0,0,0,0,0,0,0,0,0,0,0,0,0,0,0,0,0
1193,,2/19/97,Guaymas,47,,M,II,Benthosema,,2.1,2.2,1.8,2,2.1,2.1,2.1,2.1,1.8,0,0,0,0,0,0,0,0,0,0,0,0,0,0,0,0,0,0,0,0,0,0,0,0,0,0,0
1194,,2/19/97,Guaymas,45.6,,H,II,Benthosema,,2,1.7,1.7,1.7,1.7,1.7,0,0,0,0,0,0,0,0,0,0,0,0,0,0,0,0,0,0,0,0,0,0,0,0,0,0,0,0,0,0
1195,,2/19/97,Guaymas,43,,H,II,Benthosema,,2,1.8,2.1,1.6,1.7,2.3,2.3,2.3,2.3,2.1,2.1,1.9,1.7,1.9,2.1,2.1,1.8,1.6,1.7,1.6,0,0,0,0,0,0,0,0,0,0,0,0,0,0,0,0
1196,,2/19/97,Guaymas,53.8,,H,II,Benthosema,,1.9,1.7,1.7,1.9,2.1,0,0,0,0,0,0,0,0,0,0,0,0,0,0,0,0,0,0,0,0,0,0,0,0,0,0,0,0,0,0,0
1199,2,3/11/97,Guaymas,56.6,5.375,M,IV,Benthosema,,1.8,2.3,2,2,0,0,0,0,0,0,0,0,0,0,0,0,0,0,0,0,0,0,0,0,0,0,0,0,0,0,0,0,0,0,0,0
1201,4,3/11/97,Guaymas,58,6.1,H,II,Benthosema,,2.1,2.3,0,0,0,0,0,0,0,0,0,0,0,0,0,0,0,0,0,0,0,0,0,0,0,0,0,0,0,0,0,0,0,0,0,0
1202,5,3/15/97,Guaymas,77,15.1,H,V,Benthosema,,1.7,0,0,0,0,0,0,0,0,0,0,0,0,0,0,0,0,0,0,0,0,0,0,0,0,0,0,0,0,0,0,0,0,0,0,0
1203,6,3/15/97,Guaymas,50.6,3.35,H,II,Benthosema,,1.9,1.9,1.9,1.7,0,0,0,0,0,0,0,0,0,0,0,0,0,0,0,0,0,0,0,0,0,0,0,0,0,0,0,0,0,0,0,0
1204,7,3/15/97,Guaymas,54.2,3.7,M,IV,Benthosema,,1.7,1.8,1.9,2,2.1,2.1,2,2,2,0,0,0,0,0,0,0,0,0,0,0,0,0,0,0,0,0,0,0,0,0,0,0,0,0,0,0
1207,10,3/15/97,Guaymas,61,7.65,H,II,Benthosema,,2,0,0,0,0,0,0,0,0,0,0,0,0,0,0,0,0,0,0,0,0,0,0,0,0,0,0,0,0,0,0,0,0,0,0,0
1214,17,3/16/97,Centro Golfo,72.2,12.925,H,IV,Benthosema,,1.7,2,0,0,0,0,0,0,0,0,0,0,0,0,0,0,0,0,0,0,0,0,0,0,0,0,0,0,0,0,0,0,0,0,0,0
1236,39,3/16/97,Santa Rosalia,41.6,1.75,M,III,Benthosema,,1.6,0,0,0,0,0,0,0,0,0,0,0,0,0,0,0,0,0,0,0,0,0,0,0,0,0,0,0,0,0,0,0,0,0,0,0
1238,41,3/16/97,Santa Rosalia,70.3,10.825,H,V,Benthosema,,2,1.9,2,1.9,2,1.8,0,0,0,0,0,0,0,0,0,0,0,0,0,0,0,0,0,0,0,0,0,0,0,0,0,0,0,0,0,0
 ,s/n,3/16/97,Santa Rosalia, , , , ,Benthosema,,2.1,2.2,2.3,2,2,1.9,1.8,0,0,0,0,0,0,0,0,0,0,0,0,0,0,0,0,0,0,0,0,0,0,0,0,0,0,0,0,0
 ,s/n,3/16/97,Santa Rosalia, , , , ,Benthosema,,1.8,1.9,1.9,1.9,2.3,2.3,2,1.7,1.8,0,0,0,0,0,0,0,0,0,0,0,0,0,0,0,0,0,0,0,0,0,0,0,0,0,0,0
1241,1,4/15/97,Guaymas,66.9,9.225,M,V,Benthosema,,1.7,1.9,2,2,2.1,2.2,2.2,1.8,1.8,1.9,0,0,0,0,0,0,0,0,0,0,0,0,0,0,0,0,0,0,0,0,0,0,0,0,0,0
1242,2,4/15/97,Guaymas,74.6,15.075,H,V,Benthosema,,2.1,0,0,0,0,0,0,0,0,0,0,0,0,0,0,0,0,0,0,0,0,0,0,0,0,0,0,0,0,0,0,0,0,0,0,0
1243,3,4/15/97,Guaymas,81,17.075,H,V,Benthosema,,2.2,2,2.1,2.2,2.1,2.1,1.6,1.7,1.8,2,0,0,0,0,0,0,0,0,0,0,0,0,0,0,0,0,0,0,0,0,0,0,0,0,0,0
1244,4,4/15/97,Guaymas,65.9,7.75,M,V,Benthosema,,1.6,1.9,2,2.2,1.9,2.3,2,1.8,2.1,0,0,0,0,0,0,0,0,0,0,0,0,0,0,0,0,0,0,0,0,0,0,0,0,0,0,0
1245,5,4/15/97,Guaymas,62.5,7.775,H,III,Benthosema,,1.9,2,1.7,1.8,2,2.1,1.7,1.9,2,2,0,0,0,0,0,0,0,0,0,0,0,0,0,0,0,0,0,0,0,0,0,0,0,0,0,0
1246,6,4/15/97,Guaymas,72.6,13.325,H,III,Benthosema,,1.9,1.7,2,1.9,2,2.1,1.7,1.8,1.6,1.5,0,0,0,0,0,0,0,0,0,0,0,0,0,0,0,0,0,0,0,0,0,0,0,0,0,0
1247,7,4/15/97,Guaymas,82.6,18.675,H,V,Benthosema,,2.2,2.2,2.2,2.2,2,2,2,2,1.9,1.8,2,2,2.1,0,0,0,0,0,0,0,0,0,0,0,0,0,0,0,0,0,0,0,0,0,0,0
1248,8,4/15/97,Guaymas,75.4,14.025,H,III,Benthosema,,1.9,1.9,2.1,2.1,2.1,0,0,0,0,0,0,0,0,0,0,0,0,0,0,0,0,0,0,0,0,0,0,0,0,0,0,0,0,0,0,0
1249,9,4/15/97,Guaymas,63.3,8.85,H,III,Benthosema,,1.8,2.1,2.1,1.7,2.1,2,1.7,0,0,0,0,0,0,0,0,0,0,0,0,0,0,0,0,0,0,0,0,0,0,0,0,0,0,0,0,0
1250,10,4/15/97,Guaymas,69.7,11.4,H,IV,Benthosema,,1.6,1.8,1.8,1.8,2.1,2.1,2.2,1.5,1.6,1.8,1.8,2,2.2,1.9,1.9,2.1,2.1,2,2,0,0,0,0,0,0,0,0,0,0,0,0,0,0,0,0,0
1251,11,4/15/97,Guaymas,60,5.975,H,II,Benthosema,,1.8,1.8,1.9,1.9,1.9,2,0,0,0,0,0,0,0,0,0,0,0,0,0,0,0,0,0,0,0,0,0,0,0,0,0,0,0,0,0,0
1253,13,4/15/97,Guaymas,71.2,12.425,H,III,Benthosema,,2,2,2.1,2.1,2.2,2.3,2.3,2,0,0,0,0,0,0,0,0,0,0,0,0,0,0,0,0,0,0,0,0,0,0,0,0,0,0,0,0
1254,14,4/15/97,Guaymas,65.3,7.7,M,V,Benthosema,,1.5,1.6,1.8,1.9,2.2,1.8,1.9,1.6,2,0,0,0,0,0,0,0,0,0,0,0,0,0,0,0,0,0,0,0,0,0,0,0,0,0,0,0
1270,16,4/16/97,Guaymas,55.8,5.6,H,II,Benthosema,,2.1,1.7,2.1,1.9,1.7,2.1,2.1,1.8,1.9,2.1,0,0,0,0,0,0,0,0,0,0,0,0,0,0,0,0,0,0,0,0,0,0,0,0,0,0
1271,17,4/16/97,Guaymas,68.4,10.3,M,V,Benthosema,,2.2,2.1,2,2,2,1.9,1.7,2,2,2,1.7,1.7,1.8,2.2,0,0,0,0,0,0,0,0,0,0,0,0,0,0,0,0,0,0,0,0,0,0
1273,19,4/16/97,Guaymas,58.8,5.85,M,V,Benthosema,,1.7,1.7,1.8,1.8,1.6,1.9,0,0,0,0,0,0,0,0,0,0,0,0,0,0,0,0,0,0,0,0,0,0,0,0,0,0,0,0,0,0
1274,20,4/16/97,Guaymas,75.7,,H,V,Benthosema,,1.8,1.8,1.6,2,0,0,0,0,0,0,0,0,0,0,0,0,0,0,0,0,0,0,0,0,0,0,0,0,0,0,0,0,0,0,0,0
1275,21,4/16/97,Guaymas,69.6,10.3,H,V,Benthosema,,2,2.1,2.2,2,1.9,2,1.8,1.9,1.8,1.4,0,0,0,0,0,0,0,0,0,0,0,0,0,0,0,0,0,0,0,0,0,0,0,0,0,0
1276,22,4/16/97,Guaymas,70.9,,H,III,Benthosema,,1.9,1.9,1.8,1.9,1.6,2.2,1.7,1.6,2.1,2.2,2,2.1,0,0,0,0,0,0,0,0,0,0,0,0,0,0,0,0,0,0,0,0,0,0,0,0
1277,23,4/16/97,Guaymas,73.4,,M,V,Benthosema,,1.9,2.1,1.8,2.2,1.7,0,0,0,0,0,0,0,0,0,0,0,0,0,0,0,0,0,0,0,0,0,0,0,0,0,0,0,0,0,0,0
1279,25,4/16/97,Guaymas,70.8,,H,III,Benthosema,,1.8,2.1,1.9,1.9,1.9,1.7,2.2,0,0,0,0,0,0,0,0,0,0,0,0,0,0,0,0,0,0,0,0,0,0,0,0,0,0,0,0,0
1,1,5/10/98,TORTUGA,20.5,240.1,M,II,Benthosema,,2.3,1.9,0,0,0,0,0,0,0,0,0,0,0,0,0,0,0,0,0,0,0,0,0,0,0,0,0,0,0,0,0,0,0,0,0,0
2,2,5/10/98,TORTUGA,27.5,480.2,H,IV,Benthosema,,1.8,2.2,0,0,0,0,0,0,0,0,0,0,0,0,0,0,0,0,0,0,0,0,0,0,0,0,0,0,0,0,0,0,0,0,0,0
3,3,5/10/98,TORTUGA,17.6,144.8,H,I,Benthosema,,2,0,0,0,0,0,0,0,0,0,0,0,0,0,0,0,0,0,0,0,0,0,0,0,0,0,0,0,0,0,0,0,0,0,0,0
4,4,5/10/98,TORTUGA,21.4,199.8,M,I,Benthosema,,2,1.7,2.1,0,0,0,0,0,0,0,0,0,0,0,0,0,0,0,0,0,0,0,0,0,0,0,0,0,0,0,0,0,0,0,0,0
9,5,5/10/98,TORTUGA,21.1,235.3,H,II,Benthosema,,1.4,2,1.9,2.1,0,0,0,0,0,0,0,0,0,0,0,0,0,0,0,0,0,0,0,0,0,0,0,0,0,0,0,0,0,0,0,0
11,6,5/10/98,TORTUGA,25.6,406,M,II,Benthosema,,2,0,0,0,0,0,0,0,0,0,0,0,0,0,0,0,0,0,0,0,0,0,0,0,0,0,0,0,0,0,0,0,0,0,0,0
12,7,5/10/98,TORTUGA,25.3,446.7,H,II,Benthosema,,1.8,0,0,0,0,0,0,0,0,0,0,0,0,0,0,0,0,0,0,0,0,0,0,0,0,0,0,0,0,0,0,0,0,0,0,0
13,#REF!,5/10/98,TORTUGA,18.9,167.3,H,I,Benthosema,,2,2,0,0,0,0,0,0,0,0,0,0,0,0,0,0,0,0,0,0,0,0,0,0,0,0,0,0,0,0,0,0,0,0,0,0
14,#REF!,5/10/98,TORTUGA,25.6,440.8,H,III,Benthosema,,1.6,0,0,0,0,0,0,0,0,0,0,0,0,0,0,0,0,0,0,0,0,0,0,0,0,0,0,0,0,0,0,0,0,0,0,0
18,2A,5/10/98,TORTUGA,17.5,135.3,H,I,Benthosema,,1.9,0,0,0,0,0,0,0,0,0,0,0,0,0,0,0,0,0,0,0,0,0,0,0,0,0,0,0,0,0,0,0,0,0,0,0
29,11,5/1/99,LORETO,21.7,206.4,H,II,Benthosema,,2.1,0,0,0,0,0,0,0,0,0,0,0,0,0,0,0,0,0,0,0,0,0,0,0,0,0,0,0,0,0,0,0,0,0,0,0
42,2,5/22/99,TOPOLOBAMPO,29.2,742.4,H,V,Benthosema,,2.2,2.1,2.1,2,0,0,0,0,0,0,0,0,0,0,0,0,0,0,0,0,0,0,0,0,0,0,0,0,0,0,0,0,0,0,0,0
55,2,5/22/99,TOPOLOBAMPO,23.8,299.4,H,V,Benthosema,,1.4,0,0,0,0,0,0,0,0,0,0,0,0,0,0,0,0,0,0,0,0,0,0,0,0,0,0,0,0,0,0,0,0,0,0,0
60,7,5/22/99,TOPOLOBAMPO,33.1,797.6,M,V,Benthosema,,2.2,2,2.3,2.1,2.45,2.15,2.05,1.95,2.2,2.2,2,2.1,0,0,0,0,0,0,0,0,0,0,0,0,0,0,0,0,0,0,0,0,0,0,0,0
67,14,5/22/99,TOPOLOBAMPO,31.4,768,M,V,Benthosema,,2.25,0,0,0,0,0,0,0,0,0,0,0,0,0,0,0,0,0,0,0,0,0,0,0,0,0,0,0,0,0,0,0,0,0,0,0
74,1,5/23/99,STA ROSALIA,23.8,294.7,H,II,Benthosema,,2.1,1.8,2.3,2,2.2,2.1,1.8,2.3,0,0,0,0,0,0,0,0,0,0,0,0,0,0,0,0,0,0,0,0,0,0,0,0,0,0,0,0
76,3,5/23/99,STA ROSALIA,30.2,634.5,H,III,Benthosema,,1.9,0,0,0,0,0,0,0,0,0,0,0,0,0,0,0,0,0,0,0,0,0,0,0,0,0,0,0,0,0,0,0,0,0,0,0
77,4,5/23/99,STA ROSALIA,29.2,534.7,H,V,Benthosema,,2.1,2,1.9,1.9,1.75,2,0,0,0,0,0,0,0,0,0,0,0,0,0,0,0,0,0,0,0,0,0,0,0,0,0,0,0,0,0,0
94,5,5/23/99,STA ROSALIA,36.1,826.8,H,III,Benthosema,,2.2,0,0,0,0,0,0,0,0,0,0,0,0,0,0,0,0,0,0,0,0,0,0,0,0,0,0,0,0,0,0,0,0,0,0,0
95,6,5/23/99,STA ROSALIA,32,806.8,H,II,Benthosema,,1.8,1.8,1.85,1.9,1.9,2.1,0,0,0,0,0,0,0,0,0,0,0,0,0,0,0,0,0,0,0,0,0,0,0,0,0,0,0,0,0,0
97,8,5/23/99,STA ROSALIA,24.7,1100,H,V,Benthosema,,1.8,0,0,0,0,0,0,0,0,0,0,0,0,0,0,0,0,0,0,0,0,0,0,0,0,0,0,0,0,0,0,0,0,0,0,0
98,9,5/23/99,STA ROSALIA,25.9,366.8,M,III,Benthosema,,1.65,1.9,1.8,2.05,1.95,0,0,0,0,0,0,0,0,0,0,0,0,0,0,0,0,0,0,0,0,0,0,0,0,0,0,0,0,0,0,0
100,11,5/23/99,STA ROSALIA,32.7,796.3,M,V,Benthosema,,2.1,2.1,0,0,0,0,0,0,0,0,0,0,0,0,0,0,0,0,0,0,0,0,0,0,0,0,0,0,0,0,0,0,0,0,0,0
63,10,5/24/99,VOLCAN MARIAS,35.5,,H,III,Benthosema,,1.8,2,0,0,0,0,0,0,0,0,0,0,0,0,0,0,0,0,0,0,0,0,0,0,0,0,0,0,0,0,0,0,0,0,0,0
106,3,5/24/99,VOLCAN MARIAS,26.4,372,M,III,Benthosema,,2.2,2,1.8,0,0,0,0,0,0,0,0,0,0,0,0,0,0,0,0,0,0,0,0,0,0,0,0,0,0,0,0,0,0,0,0,0
108,5,5/24/99,VOLCAN MARIAS,32.8,840,M,V,Benthosema,,1.9,2.2,2.2,1.7,1.9,1.9,1.9,1.9,0,0,0,0,0,0,0,0,0,0,0,0,0,0,0,0,0,0,0,0,0,0,0,0,0,0,0,0
111,s/n,5/24/99,VOLCAN MARIAS,31.6,,H,II,Benthosema,,1.9,2.05,2.1,2,1.6,1.95,1.8,0,0,0,0,0,0,0,0,0,0,0,0,0,0,0,0,0,0,0,0,0,0,0,0,0,0,0,0,0
112,s/n,5/24/99,VOLCAN MARIAS,33,,M,V,Benthosema,,1.9,1.9,2.4,1.85,1.8,2.1,0,0,0,0,0,0,0,0,0,0,0,0,0,0,0,0,0,0,0,0,0,0,0,0,0,0,0,0,0,0
115,s/n,5/24/99,VOLCAN MARIAS,28.7,,M,III,Benthosema,,2.2,2.1,0,0,0,0,0,0,0,0,0,0,0,0,0,0,0,0,0,0,0,0,0,0,0,0,0,0,0,0,0,0,0,0,0,0
116,s/n,5/24/99,VOLCAN MARIAS,29,,M,II,Benthosema,,2.3,2.25,0,0,0,0,0,0,0,0,0,0,0,0,0,0,0,0,0,0,0,0,0,0,0,0,0,0,0,0,0,0,0,0,0,0
118,s/n,5/24/99,VOLCAN MARIAS,34.9,,M,III,Benthosema,,1.95,2,2.1,0,0,0,0,0,0,0,0,0,0,0,0,0,0,0,0,0,0,0,0,0,0,0,0,0,0,0,0,0,0,0,0,0
119,s/n,5/24/99,VOLCAN MARIAS,29,,M,II,Benthosema,,2.3,1.9,2.15,2,1.95,1.7,1.5,0,0,0,0,0,0,0,0,0,0,0,0,0,0,0,0,0,0,0,0,0,0,0,0,0,0,0,0,0
120,s/n,5/24/99,VOLCAN MARIAS,33.1,,M,V,Benthosema,,2,2.2,0,0,0,0,0,0,0,0,0,0,0,0,0,0,0,0,0,0,0,0,0,0,0,0,0,0,0,0,0,0,0,0,0,0
124,s/n,5/24/99,VOLCAN MARIAS,31.2,,H,II,Benthosema,,2.2,0,0,0,0,0,0,0,0,0,0,0,0,0,0,0,0,0,0,0,0,0,0,0,0,0,0,0,0,0,0,0,0,0,0,0
126,s/n,5/24/99,VOLCAN MARIAS,30.9,,H,II,Benthosema,,2.5,0,0,0,0,0,0,0,0,0,0,0,0,0,0,0,0,0,0,0,0,0,0,0,0,0,0,0,0,0,0,0,0,0,0,0
128,s/n,5/24/99,VOLCAN MARIAS,28.7,,M,II,Benthosema,,2.5,0,0,0,0,0,0,0,0,0,0,0,0,0,0,0,0,0,0,0,0,0,0,0,0,0,0,0,0,0,0,0,0,0,0,0
129,s/n,5/24/99,VOLCAN MARIAS,32,,H,III,Benthosema,,1.9,1.8,1.95,2.05,2.2,0,0,0,0,0,0,0,0,0,0,0,0,0,0,0,0,0,0,0,0,0,0,0,0,0,0,0,0,0,0,0
131,s/n,5/24/99,VOLCAN MARIAS,26.3,,H,II,Benthosema,,1.8,2.4,2,2.1,1.9,1.95,0,0,0,0,0,0,0,0,0,0,0,0,0,0,0,0,0,0,0,0,0,0,0,0,0,0,0,0,0,0
132,s/n,5/24/99,VOLCAN MARIAS,33.7,,M,V,Benthosema,,1.9,2,1.8,2.05,2.25,1.95,2.15,1.85,2.1,1.9,1.9,1.9,1.9,1.9,2,2,2,1.95,0,0,0,0,0,0,0,0,0,0,0,0,0,0,0,0,0,0
134,s/n,5/24/99,VOLCAN MARIAS,33,,H,II,Benthosema,,1.95,0,0,0,0,0,0,0,0,0,0,0,0,0,0,0,0,0,0,0,0,0,0,0,0,0,0,0,0,0,0,0,0,0,0,0
138,s/n,5/24/99,VOLCAN MARIAS,33.4,,H,III,Benthosema,,1.8,2.15,0,0,0,0,0,0,0,0,0,0,0,0,0,0,0,0,0,0,0,0,0,0,0,0,0,0,0,0,0,0,0,0,0,0
141,s/n,5/24/99,VOLCAN MARIAS,33.5,,H,II,Benthosema,,2.2,2.1,1.95,1.9,1.8,2,1.7,1.95,1.9,1.8,2,0,0,0,0,0,0,0,0,0,0,0,0,0,0,0,0,0,0,0,0,0,0,0,0,0
143,s/n,5/24/99,VOLCAN MARIAS,29.4,,M,II,Benthosema,,2,0,0,0,0,0,0,0,0,0,0,0,0,0,0,0,0,0,0,0,0,0,0,0,0,0,0,0,0,0,0,0,0,0,0,0
145,s/n,5/24/99,VOLCAN MARIAS,32.5,,H,II,Benthosema,,2.5,1.8,0,0,0,0,0,0,0,0,0,0,0,0,0,0,0,0,0,0,0,0,0,0,0,0,0,0,0,0,0,0,0,0,0,0
146,s/n,5/24/99,VOLCAN MARIAS,31.2,,H,III,Benthosema,,2,0,0,0,0,0,0,0,0,0,0,0,0,0,0,0,0,0,0,0,0,0,0,0,0,0,0,0,0,0,0,0,0,0,0,0
149,s/n,5/24/99,VOLCAN MARIAS,33.5,,M,III,Benthosema,,2.15,2.2,2,2.05,2.1,1.85,2.15,2.15,2,2,2.1,1.85,0,0,0,0,0,0,0,0,0,0,0,0,0,0,0,0,0,0,0,0,0,0,0,0
153,s/n,5/24/99,VOLCAN MARIAS,32.9,,H,II,Benthosema,,2,0,0,0,0,0,0,0,0,0,0,0,0,0,0,0,0,0,0,0,0,0,0,0,0,0,0,0,0,0,0,0,0,0,0,0
156,s/n,5/24/99,VOLCAN MARIAS,31.5,,M,III,Benthosema,,1.6,1.6,0,0,0,0,0,0,0,0,0,0,0,0,0,0,0,0,0,0,0,0,0,0,0,0,0,0,0,0,0,0,0,0,0,0
158,s/n,5/24/99,VOLCAN MARIAS,30.6,,H,II,Benthosema,,2.2,2.1,1.95,2.3,1.75,1.8,1.9,2.05,2.2,2.2,2.2,2.2,2.1,2.1,1.75,0,0,0,0,0,0,0,0,0,0,0,0,0,0,0,0,0,0,0,0,0
222,5,5/24/99,VOLCAN MARIAS,34.7,1308,H,V,Benthosema,,2,0,0,0,0,0,0,0,0,0,0,0,0,0,0,0,0,0,0,0,0,0,0,0,0,0,0,0,0,0,0,0,0,0,0,0
94,5,5/25/99,VOLCAN MARIAS,35,,H,III,Benthosema,,2.1,2.1,2.2,0,0,0,0,0,0,0,0,0,0,0,0,0,0,0,0,0,0,0,0,0,0,0,0,0,0,0,0,0,0,0,0,0
159,1,5/25/99,VOLCAN MARIAS,25.2,362,M,III,Benthosema,,1.95,0,0,0,0,0,0,0,0,0,0,0,0,0,0,0,0,0,0,0,0,0,0,0,0,0,0,0,0,0,0,0,0,0,0,0
161,3,5/25/99,VOLCAN MARIAS,25.9,356.4,H,II,Benthosema,,1.8375,1.875,1.425,0,0,0,0,0,0,0,0,0,0,0,0,0,0,0,0,0,0,0,0,0,0,0,0,0,0,0,0,0,0,0,0,0
162,4,5/25/99,VOLCAN MARIAS,32.3,740,M,V,Benthosema,,1.5,1.5,1.575,1.65,0,0,0,0,0,0,0,0,0,0,0,0,0,0,0,0,0,0,0,0,0,0,0,0,0,0,0,0,0,0,0,0
166,s/n,5/25/99,VOLCAN MARIAS,29.6,,H,II,Benthosema,,1.9,1.9,0,0,0,0,0,0,0,0,0,0,0,0,0,0,0,0,0,0,0,0,0,0,0,0,0,0,0,0,0,0,0,0,0,0
169,s/n,5/25/99,VOLCAN MARIAS,33.7,,H,II,Benthosema,,2.1,0,0,0,0,0,0,0,0,0,0,0,0,0,0,0,0,0,0,0,0,0,0,0,0,0,0,0,0,0,0,0,0,0,0,0
170,s/n,5/25/99,VOLCAN MARIAS,28.8,,H,II,Benthosema,,2.1,2.2,2,1.95,0,0,0,0,0,0,0,0,0,0,0,0,0,0,0,0,0,0,0,0,0,0,0,0,0,0,0,0,0,0,0,0
172,s/n,5/25/99,VOLCAN MARIAS,29.2,,M,V,Benthosema,,2.1,0,0,0,0,0,0,0,0,0,0,0,0,0,0,0,0,0,0,0,0,0,0,0,0,0,0,0,0,0,0,0,0,0,0,0
173,s/n,5/25/99,VOLCAN MARIAS,28.2,,H,II,Benthosema,,1.9,1.85,1.95,2.5,2.05,1.9,1.85,1.85,0,0,0,0,0,0,0,0,0,0,0,0,0,0,0,0,0,0,0,0,0,0,0,0,0,0,0,0
174,s/n,5/25/99,VOLCAN MARIAS,27.1,,H,II,Benthosema,,2.1,2.1,2.1,1.85,0,0,0,0,0,0,0,0,0,0,0,0,0,0,0,0,0,0,0,0,0,0,0,0,0,0,0,0,0,0,0,0
178,s/n,5/25/99,VOLCAN MARIAS,34,,H,III,Benthosema,,2,2,1.9,1.7,1.9,2.1,0,0,0,0,0,0,0,0,0,0,0,0,0,0,0,0,0,0,0,0,0,0,0,0,0,0,0,0,0,0
179,s/n,5/25/99,VOLCAN MARIAS,29.7,,M,III,Benthosema,,2.05,0,0,0,0,0,0,0,0,0,0,0,0,0,0,0,0,0,0,0,0,0,0,0,0,0,0,0,0,0,0,0,0,0,0,0
180,s/n,5/25/99,VOLCAN MARIAS,32.5,,H,II,Benthosema,,2,2.2,1.8,2,2.1,0,0,0,0,0,0,0,0,0,0,0,0,0,0,0,0,0,0,0,0,0,0,0,0,0,0,0,0,0,0,0
181,s/n,5/25/99,VOLCAN MARIAS,33,,H,II,Benthosema,,1.75,1.8,0,0,0,0,0,0,0,0,0,0,0,0,0,0,0,0,0,0,0,0,0,0,0,0,0,0,0,0,0,0,0,0,0,0
182,s/n,5/25/99,VOLCAN MARIAS,34.3,,H,II,Benthosema,,1.2,0,0,0,0,0,0,0,0,0,0,0,0,0,0,0,0,0,0,0,0,0,0,0,0,0,0,0,0,0,0,0,0,0,0,0
184,s/n,5/25/99,VOLCAN MARIAS,27.7,,H,II,Benthosema,,2.1,2.2,1.9,2,1.8,1.9,2.1,2.2,2.1,0,0,0,0,0,0,0,0,0,0,0,0,0,0,0,0,0,0,0,0,0,0,0,0,0,0,0
187,,5/25/99,VOLCAN MARIAS,31.2,,M,V,Benthosema,,2.2,2.1,2.05,2.05,0,0,0,0,0,0,0,0,0,0,0,0,0,0,0,0,0,0,0,0,0,0,0,0,0,0,0,0,0,0,0,0
189,,5/25/99,VOLCAN MARIAS,30.7,,M,V,Benthosema,,2.1,2.1,2,1.9,0,0,0,0,0,0,0,0,0,0,0,0,0,0,0,0,0,0,0,0,0,0,0,0,0,0,0,0,0,0,0,0
193,,5/25/99,VOLCAN MARIAS,32.4,,H,II,Benthosema,,2,0,0,0,0,0,0,0,0,0,0,0,0,0,0,0,0,0,0,0,0,0,0,0,0,0,0,0,0,0,0,0,0,0,0,0
198,,5/25/99,VOLCAN MARIAS,31,,M,III,Benthosema,,2.2,2.15,2.1,2,2.05,1.95,0,0,0,0,0,0,0,0,0,0,0,0,0,0,0,0,0,0,0,0,0,0,0,0,0,0,0,0,0,0
203,,5/25/99,VOLCAN MARIAS,33.5,,H,II,Benthosema,,2.05,0,0,0,0,0,0,0,0,0,0,0,0,0,0,0,0,0,0,0,0,0,0,0,0,0,0,0,0,0,0,0,0,0,0,0
216,,5/25/99,VOLCAN MARIAS,32.1,,H,II,Benthosema,,1.95,1.875,1.875,2.025,2.025,0,0,0,0,0,0,0,0,0,0,0,0,0,0,0,0,0,0,0,0,0,0,0,0,0,0,0,0,0,0,0
217,,5/25/99,VOLCAN MARIAS,32.5,,H,II,Benthosema,,1.95,2.0625,1.95,1.95,2.1,0,0,0,0,0,0,0,0,0,0,0,0,0,0,0,0,0,0,0,0,0,0,0,0,0,0,0,0,0,0,0
228,12,5/26/99,VOLCAN MARIAS,27.9,,M,II,Benthosema,,1.725,0,0,0,0,0,0,0,0,0,0,0,0,0,0,0,0,0,0,0,0,0,0,0,0,0,0,0,0,0,0,0,0,0,0,0
231,15,5/26/99,VOLCAN MARIAS,28.7,,H,II,Benthosema,,1.875,1.95,1.95,0,0,0,0,0,0,0,0,0,0,0,0,0,0,0,0,0,0,0,0,0,0,0,0,0,0,0,0,0,0,0,0,0
232,16,5/26/99,VOLCAN MARIAS,27.6,,M,II,Benthosema,,2.325,1.95,1.95,0,0,0,0,0,0,0,0,0,0,0,0,0,0,0,0,0,0,0,0,0,0,0,0,0,0,0,0,0,0,0,0,0
237,21,5/26/99,VOLCAN MARIAS,33.9,,H,IV,Benthosema,,1.95,1.875,0,0,0,0,0,0,0,0,0,0,0,0,0,0,0,0,0,0,0,0,0,0,0,0,0,0,0,0,0,0,0,0,0,0
244,s/n,5/26/99,VOLCAN MARIAS,32.7,,H,II,Benthosema,,1.875,1.8,0,0,0,0,0,0,0,0,0,0,0,0,0,0,0,0,0,0,0,0,0,0,0,0,0,0,0,0,0,0,0,0,0,0
245,s/n,5/26/99,VOLCAN MARIAS,32.6,,H,V,Benthosema,,1.95,1.65,0,0,0,0,0,0,0,0,0,0,0,0,0,0,0,0,0,0,0,0,0,0,0,0,0,0,0,0,0,0,0,0,0,0
246,s/n,5/26/99,VOLCAN MARIAS,36,,H,III,Benthosema,,1.5,0,0,0,0,0,0,0,0,0,0,0,0,0,0,0,0,0,0,0,0,0,0,0,0,0,0,0,0,0,0,0,0,0,0,0
247,s/n,5/26/99,VOLCAN MARIAS,32,,H,V,Benthosema,,1.725,0,0,0,0,0,0,0,0,0,0,0,0,0,0,0,0,0,0,0,0,0,0,0,0,0,0,0,0,0,0,0,0,0,0,0
248,s/n,5/26/99,VOLCAN MARIAS,32.2,,H,II,Benthosema,,1.725,1.95,1.7625,0,0,0,0,0,0,0,0,0,0,0,0,0,0,0,0,0,0,0,0,0,0,0,0,0,0,0,0,0,0,0,0,0
250,1,5/26/99,VOLCAN MARIAS,31.3,877.2,H,III,Benthosema,,2.175,0,0,0,0,0,0,0,0,0,0,0,0,0,0,0,0,0,0,0,0,0,0,0,0,0,0,0,0,0,0,0,0,0,0,0
79,,,,26.2,,M,III,Benthosema,,1.9,1.8,2.1,2.1,2.1,0,0,0,0,0,0,0,0,0,0,0,0,0,0,0,0,0,0,0,0,0,0,0,0,0,0,0,0,0,0,0
82,,,,25,,M,V,Benthosema,,2,1.7,0,0,0,0,0,0,0,0,0,0,0,0,0,0,0,0,0,0,0,0,0,0,0,0,0,0,0,0,0,0,0,0,0,0
83,,,,24.5,,H,II,Benthosema,,2.1,1.95,1.8,2.2,1.9,0,0,0,0,0,0,0,0,0,0,0,0,0,0,0,0,0,0,0,0,0,0,0,0,0,0,0,0,0,0,0
85,,,,27,,M,II,Benthosema,,2.2,2.1,0,0,0,0,0,0,0,0,0,0,0,0,0,0,0,0,0,0,0,0,0,0,0,0,0,0,0,0,0,0,0,0,0,0
86,,,,27.2,,H,II,Benthosema,,1.9,1.8,1.8,1.7,0,0,0,0,0,0,0,0,0,0,0,0,0,0,0,0,0,0,0,0,0,0,0,0,0,0,0,0,0,0,0,0
89,,,,27.1,,H,II,Benthosema,,2.4,2,1.9,0,0,0,0,0,0,0,0,0,0,0,0,0,0,0,0,0,0,0,0,0,0,0,0,0,0,0,0,0,0,0,0,0
101,s/n,,,33.5,,H,II,Benthosema,,1.9,1.7,1.8,1.65,0,0,0,0,0,0,0,0,0,0,0,0,0,0,0,0,0,0,0,0,0,0,0,0,0,0,0,0,0,0,0,0
102,s/n,,,30.6,,H,II,Benthosema,,2.1,1.5,0,0,0,0,0,0,0,0,0,0,0,0,0,0,0,0,0,0,0,0,0,0,0,0,0,0,0,0,0,0,0,0,0,0
SPM7 Jul 2006,4,7/21/2006  20:55:00 PM,SPM7,25.7,,F,II,Benthosema,,2.2,0,0,0,0,0,0,0,0,0,0,0,0,0,0,0,0,0,0,0,0,0,0,0,0,0,0,0,0,0,0,0,0,0,0,0
SPM6 Jul 2006,1,7/20/2006  20:30:00 PM,SPM6,42,,F,II,Benthosema,,1.9,1.75,0,0,0,0,0,0,0,0,0,0,0,0,0,0,0,0,0,0,0,0,0,0,0,0,0,0,0,0,0,0,0,0,0,0
SPM6 Jul 2006,14,7/20/2006  20:30:00 PM,SPM6,42,,M,II,Benthosema,,2.2,0,0,0,0,0,0,0,0,0,0,0,0,0,0,0,0,0,0,0,0,0,0,0,0,0,0,0,0,0,0,0,0,0,0,0
San Carlos March 2007,A1,03/17/07,,43.7,,F,II,Benthosema,,1.95,1.95,2.1,0,0,0,0,0,0,0,0,0,0,0,0,0,0,0,0,0,0,0,0,0,0,0,0,0,0,0,0,0,0,0,0,0
SPM5 Jul 2006 SS,6,7/18/2006  20:45:00 PM,SPM5,44,,F,II,Benthosema,,2.25,1.95,1.7,2,1.7,1.85,2,0,0,0,0,0,0,0,0,0,0,0,0,0,0,0,0,0,0,0,0,0,0,0,0,0,0,0,0,0
SPM7 Jul 2006,12,7/21/2006  20:55:00 PM,SPM7,44,,F,II,Benthosema,,2.1,0,0,0,0,0,0,0,0,0,0,0,0,0,0,0,0,0,0,0,0,0,0,0,0,0,0,0,0,0,0,0,0,0,0,0
SPM6 Jul 2006,7,7/20/2006  20:30:00 PM,SPM6,47,,F,II,Benthosema,,2.05,1.85,1.9,0,0,0,0,0,0,0,0,0,0,0,0,0,0,0,0,0,0,0,0,0,0,0,0,0,0,0,0,0,0,0,0,0
SPM6 Jul 2006,8,7/20/2006  20:30:00 PM,SPM6,48,,F,II,Benthosema,,2.15,2.1,0,0,0,0,0,0,0,0,0,0,0,0,0,0,0,0,0,0,0,0,0,0,0,0,0,0,0,0,0,0,0,0,0,0
SPM6 Jul 2006,9,7/20/2006  20:30:00 PM,SPM6,48,,F,II,Benthosema,,2.1,2.05,0,0,0,0,0,0,0,0,0,0,0,0,0,0,0,0,0,0,0,0,0,0,0,0,0,0,0,0,0,0,0,0,0,0
SPM6 Jul 2006,22,7/20/2006  22:00:00 PM,SPM6,48,,M,IV,Benthosema,,2.1,1.8,0,0,0,0,0,0,0,0,0,0,0,0,0,0,0,0,0,0,0,0,0,0,0,0,0,0,0,0,0,0,0,0,0,0
SR Nov 07,12,10-11-07,Sta Rosalia,48,,F,1,Benthosema,,1.82,0,0,0,0,0,0,0,0,0,0,0,0,0,0,0,0,0,0,0,0,0,0,0,0,0,0,0,0,0,0,0,0,0,0,0
SR Nov 07,9,10-11-07,Sta Rosalia,49,,F,1,Benthosema,,2.24,2.1,1.9,0,0,0,0,0,0,0,0,0,0,0,0,0,0,0,0,0,0,0,0,0,0,0,0,0,0,0,0,0,0,0,0,0
SPM7 Jul 2006,9,7/21/2006  20:55:00 PM,SPM7,51,,F,II,Benthosema,,1.7,0,0,0,0,0,0,0,0,0,0,0,0,0,0,0,0,0,0,0,0,0,0,0,0,0,0,0,0,0,0,0,0,0,0,0
SR Nov 07,3,10-11-07,Sta Rosalia,51,,M,4,Benthosema,,2,0,0,0,0,0,0,0,0,0,0,0,0,0,0,0,0,0,0,0,0,0,0,0,0,0,0,0,0,0,0,0,0,0,0,0
SR Nov 07,11,10-11-07,Sta Rosalia,51,,F,1,Benthosema,,2.16,1.64,0,0,0,0,0,0,0,0,0,0,0,0,0,0,0,0,0,0,0,0,0,0,0,0,0,0,0,0,0,0,0,0,0,0
SR Nov 07,13,10-11-07,Sta Rosalia,51.5,,M,3,Benthosema,,1.96,1.78,2.22,2.2,0,0,0,0,0,0,0,0,0,0,0,0,0,0,0,0,0,0,0,0,0,0,0,0,0,0,0,0,0,0,0,0
SR Nov 07,2,10-11-07,Sta Rosalia,52,,M,2,Benthosema,,1.6,1.86,0,0,0,0,0,0,0,0,0,0,0,0,0,0,0,0,0,0,0,0,0,0,0,0,0,0,0,0,0,0,0,0,0,0
SR Nov 07,23,10-11-07,Sta Rosalia,53.5,,F,1,Benthosema,,1.58,0,0,0,0,0,0,0,0,0,0,0,0,0,0,0,0,0,0,0,0,0,0,0,0,0,0,0,0,0,0,0,0,0,0,0
SR Nov 07,8,10-11-07,Sta Rosalia,54,,F,1,Benthosema,,1.7,0,0,0,0,0,0,0,0,0,0,0,0,0,0,0,0,0,0,0,0,0,0,0,0,0,0,0,0,0,0,0,0,0,0,0
SR Nov 07,5,10-11-07,Sta Rosalia,55.5,,M,4,Benthosema,,2,0,0,0,0,0,0,0,0,0,0,0,0,0,0,0,0,0,0,0,0,0,0,0,0,0,0,0,0,0,0,0,0,0,0,0
SR Nov 07,30,10-11-07,Sta Rosalia,57,,F,1,Benthosema,,1.62,0,0,0,0,0,0,0,0,0,0,0,0,0,0,0,0,0,0,0,0,0,0,0,0,0,0,0,0,0,0,0,0,0,0,0
SR Nov 07,27,10-11-07,Sta Rosalia,58,,M,5,Benthosema,,1.62,1.44,1.7,1.54,1.6,1.5,0,0,0,0,0,0,0,0,0,0,0,0,0,0,0,0,0,0,0,0,0,0,0,0,0,0,0,0,0,0
SPM5 Jul 2006 SS,19,07/19/06,SPM5,59,,F,II,Benthosema,,2.35,2.35,2,2.3,1.9,2.2,2.1,2.2,2.1,0,0,0,0,0,0,0,0,0,0,0,0,0,0,0,0,0,0,0,0,0,0,0,0,0,0,0
SR Nov 07,22,10-11-07,Sta Rosalia,60,,F,2,Benthosema,,2.14,2.06,0,0,0,0,0,0,0,0,0,0,0,0,0,0,0,0,0,0,0,0,0,0,0,0,0,0,0,0,0,0,0,0,0,0
SPM Jul 2006,6,7/17/2006  23:15:00 PM,SPM,62,,F,III,Benthosema,,2,0,0,0,0,0,0,0,0,0,0,0,0,0,0,0,0,0,0,0,0,0,0,0,0,0,0,0,0,0,0,0,0,0,0,0
SPM5 Jul 2006 SS,21,07/19/06,SPM5,62,,M,V,Benthosema,,1.8,0,0,0,0,0,0,0,0,0,0,0,0,0,0,0,0,0,0,0,0,0,0,0,0,0,0,0,0,0,0,0,0,0,0,0
San Carlos March 2007,A3,03/18/07,,62.5,,F,IV,Benthosema,,2,2.2,2.3,2.1,2.1,2.1,2.2,2.2,2.1,2,2.2,1.95,2.25,2.3,2.1,2.1,2,2,2,2.3,0,0,0,0,0,0,0,0,0,0,0,0,0,0,0,0
SR Oct 2006,12,10/20/2006,Sta Rosalia,66.5,,F,3,Benthosema,,2,0,0,0,0,0,0,0,0,0,0,0,0,0,0,0,0,0,0,0,0,0,0,0,0,0,0,0,0,0,0,0,0,0,0,0
SR Jul 2006,25,07/08/06,SR,67,,F,III,Benthosema,,1.95,0,0,0,0,0,0,0,0,0,0,0,0,0,0,0,0,0,0,0,0,0,0,0,0,0,0,0,0,0,0,0,0,0,0,0
San Carlos March 2007,A4,03/18/07,,68,,F,V,Benthosema,,1.9,0,0,0,0,0,0,0,0,0,0,0,0,0,0,0,0,0,0,0,0,0,0,0,0,0,0,0,0,0,0,0,0,0,0,0
SR Oct 2006,9,10/20/2006,Sta Rosalia,70,,F,3,Benthosema,,2.6,2.3,2.1,2.3,2.3,1.7,2.2,2.1,2.3,2.5,2.1,2.05,2.4,2.2,2.05,2.1,2.4,2.1,2.1,2.05,2.2,2.2,2.3,0,0,0,0,0,0,0,0,0,0,0,0,0
San Carlos March 2007,A2,03/18/07,,70,,F,IV,Benthosema,,2,1.8,0,0,0,0,0,0,0,0,0,0,0,0,0,0,0,0,0,0,0,0,0,0,0,0,0,0,0,0,0,0,0,0,0,0
372,10,6/11/96,San Pedro,26,0.375,H,I,Triphoturus,,0.6,0,0,0,0,0,0,0,0,0,0,0,0,0,0,0,0,0,0,0,0,0,0,0,0,0,0,0,0,0,0,0,0,0,0,0
406,18,6/16/96,San Pedro,27.2,0.425,H,II,Triphoturus,,0.9,0,0,0,0,0,0,0,0,0,0,0,0,0,0,0,0,0,0,0,0,0,0,0,0,0,0,0,0,0,0,0,0,0,0,0
723,11,3/15/97,Guaymas,30.5,0.725,H,II,Triphoturus,,0.9,1,0,0,0,0,0,0,0,0,0,0,0,0,0,0,0,0,0,0,0,0,0,0,0,0,0,0,0,0,0,0,0,0,0,0
724,12,3/15/97,Guaymas,39.8,1.95,H,II,Triphoturus,,1.1,0,0,0,0,0,0,0,0,0,0,0,0,0,0,0,0,0,0,0,0,0,0,0,0,0,0,0,0,0,0,0,0,0,0,0
578,1,11/9/96,Guaymas,42.7,1.825,H,II,Triphoturus,,0.7,0,0,0,0,0,0,0,0,0,0,0,0,0,0,0,0,0,0,0,0,0,0,0,0,0,0,0,0,0,0,0,0,0,0,0
,,2/19/97,Guaymas,43,,H,II,Triphoturus,,1,1,0.8,0.8,0,0,0,0,0,0,0,0,0,0,0,0,0,0,0,0,0,0,0,0,0,0,0,0,0,0,0,0,0,0,0,0
687,5,2/16/97,Guaymas,45.3,2.2,M,III,Triphoturus,,1,0,0,0,0,0,0,0,0,0,0,0,0,0,0,0,0,0,0,0,0,0,0,0,0,0,0,0,0,0,0,0,0,0,0,0
537,14,10/16/96,Santa Rosalia,45.5,2.1,M,V,Triphoturus,,1,0.9,0.9,0,0,0,0,0,0,0,0,0,0,0,0,0,0,0,0,0,0,0,0,0,0,0,0,0,0,0,0,0,0,0,0,0
,,2/19/97,Guaymas,45.6,,H,II,Triphoturus,,0.7,0,0,0,0,0,0,0,0,0,0,0,0,0,0,0,0,0,0,0,0,0,0,0,0,0,0,0,0,0,0,0,0,0,0,0
683,1,2/16/97,Guaymas,45.8,2.65,H,II,Triphoturus,,0.8,0,0,0,0,0,0,0,0,0,0,0,0,0,0,0,0,0,0,0,0,0,0,0,0,0,0,0,0,0,0,0,0,0,0,0
615,6,11/13/96,Guaymas,47,2.775,H,II,Triphoturus,,0.7,0,0,0,0,0,0,0,0,0,0,0,0,0,0,0,0,0,0,0,0,0,0,0,0,0,0,0,0,0,0,0,0,0,0,0
,,2/19/97,Guaymas,47,,M,II,Triphoturus,,0.9,0.8,0.8,0.8,0.9,0,0,0,0,0,0,0,0,0,0,0,0,0,0,0,0,0,0,0,0,0,0,0,0,0,0,0,0,0,0,0
583,6,11/9/96,Guaymas,47.2,2.8,M,IV,Triphoturus,,0.6,0,0,0,0,0,0,0,0,0,0,0,0,0,0,0,0,0,0,0,0,0,0,0,0,0,0,0,0,0,0,0,0,0,0,0
691,9,2/16/97,Guaymas,47.3,2.925,M,III,Triphoturus,,1.2,0.9,1,0.9,0.8,0.8,0.8,1,0,0,0,0,0,0,0,0,0,0,0,0,0,0,0,0,0,0,0,0,0,0,0,0,0,0,0,0
663,14,1/19/97,Guaymas,47.5,2.975,M,V,Triphoturus,,1,0,0,0,0,0,0,0,0,0,0,0,0,0,0,0,0,0,0,0,0,0,0,0,0,0,0,0,0,0,0,0,0,0,0,0
666,17,1/19/97,Guaymas,48.1,3.85,H,II,Triphoturus,,0.8,0.7,1,0.9,0,0,0,0,0,0,0,0,0,0,0,0,0,0,0,0,0,0,0,0,0,0,0,0,0,0,0,0,0,0,0,0
,,2/19/97,Guaymas,50.6,,H,II,Triphoturus,,1,0,0,0,0,0,0,0,0,0,0,0,0,0,0,0,0,0,0,0,0,0,0,0,0,0,0,0,0,0,0,0,0,0,0,0
702,20,2/16/97,Guaymas,50.8,3.4,M,III,Triphoturus,,1,1,0,0,0,0,0,0,0,0,0,0,0,0,0,0,0,0,0,0,0,0,0,0,0,0,0,0,0,0,0,0,0,0,0,0
548,25,10/16/96,Santa Rosalia,51.7,3.65,H,II,Triphoturus,,0.9,0.9,0,0,0,0,0,0,0,0,0,0,0,0,0,0,0,0,0,0,0,0,0,0,0,0,0,0,0,0,0,0,0,0,0,0
684,2,2/16/97,Guaymas,51.8,3.275,M,V,Triphoturus,,1,0,0,0,0,0,0,0,0,0,0,0,0,0,0,0,0,0,0,0,0,0,0,0,0,0,0,0,0,0,0,0,0,0,0,0
658,9,1/19/97,Guaymas,52,3.475,M,V,Triphoturus,,0.9,0,0,0,0,0,0,0,0,0,0,0,0,0,0,0,0,0,0,0,0,0,0,0,0,0,0,0,0,0,0,0,0,0,0,0
710,28,2/17/97,Guaymas,52.2,3.775,M,IV,Triphoturus,,1,1.1,1.2,1.3,1.2,0.9,1.2,1.1,1.1,1.1,1.2,1.2,0.9,1,1,0,0,0,0,0,0,0,0,0,0,0,0,0,0,0,0,0,0,0,0,0
607,12,11/12/96,Guaymas,52.2,3.9,H,II,Triphoturus,,1.2,1,0.9,0,0,0,0,0,0,0,0,0,0,0,0,0,0,0,0,0,0,0,0,0,0,0,0,0,0,0,0,0,0,0,0,0
,,2/19/97,Guaymas,53,,H,II,Triphoturus,,0.9,0.7,1,0,0,0,0,0,0,0,0,0,0,0,0,0,0,0,0,0,0,0,0,0,0,0,0,0,0,0,0,0,0,0,0,0
660,11,1/19/97,Guaymas,53.6,4.125,M,V,Triphoturus,,0.9,1.1,1.1,0.9,0,0,0,0,0,0,0,0,0,0,0,0,0,0,0,0,0,0,0,0,0,0,0,0,0,0,0,0,0,0,0,0
,,2/19/97,Guaymas,53.8,,H,II,Triphoturus,,0.9,0.8,0,0,0,0,0,0,0,0,0,0,0,0,0,0,0,0,0,0,0,0,0,0,0,0,0,0,0,0,0,0,0,0,0,0
719,7,3/15/97,Guaymas,54.2,3.7,M,IV,Triphoturus,,1,1,0.9,0.8,1.1,0,0,0,0,0,0,0,0,0,0,0,0,0,0,0,0,0,0,0,0,0,0,0,0,0,0,0,0,0,0,0
714,2,3/11/97,Guaymas,56.6,5.375,M,IV,Triphoturus,,0.9,0,0,0,0,0,0,0,0,0,0,0,0,0,0,0,0,0,0,0,0,0,0,0,0,0,0,0,0,0,0,0,0,0,0,0
599,4,11/12/96,Guaymas,57.4,5.175,M,V,Triphoturus,,0.8,0,0,0,0,0,0,0,0,0,0,0,0,0,0,0,0,0,0,0,0,0,0,0,0,0,0,0,0,0,0,0,0,0,0,0
707,25,2/17/97,Guaymas,58,5.575,H,III,Triphoturus,,0.8,0.9,0.8,1,1,1.1,1.1,0.9,0.7,1,1.1,0.7,0.9,0.8,0.7,0,0,0,0,0,0,0,0,0,0,0,0,0,0,0,0,0,0,0,0,0
659,10,1/19/97,Guaymas,58.2,5.325,M,V,Triphoturus,,0.9,0.8,0,0,0,0,0,0,0,0,0,0,0,0,0,0,0,0,0,0,0,0,0,0,0,0,0,0,0,0,0,0,0,0,0,0
774,19,4/16/97,Guaymas,58.8,5.85,M,V,Triphoturus,,0.8,0,0,0,0,0,0,0,0,0,0,0,0,0,0,0,0,0,0,0,0,0,0,0,0,0,0,0,0,0,0,0,0,0,0,0
679,30,1/23/97,Guaymas,59.2,5.25,M,V,Triphoturus,,1,0.7,0,0,0,0,0,0,0,0,0,0,0,0,0,0,0,0,0,0,0,0,0,0,0,0,0,0,0,0,0,0,0,0,0,0
,,2/17/97,Guaymas,59.5,,M,IV,Triphoturus,,1,1,1,1,1,1,0.8,0.9,1.1,0,0,0,0,0,0,0,0,0,0,0,0,0,0,0,0,0,0,0,0,0,0,0,0,0,0,0
,,2/17/97,Guaymas,60.9,,M,V,Triphoturus,,0.9,1.1,1,1,1.1,1.1,1.3,0.9,0.9,0.9,0.9,1,1.1,0.8,0.9,1,1.1,0.8,0.8,0.9,1.1,0,0,0,0,0,0,0,0,0,0,0,0,0,0,0
760,5,4/15/97,Guaymas,62.5,7.775,H,III,Triphoturus,,0.9,0,0,0,0,0,0,0,0,0,0,0,0,0,0,0,0,0,0,0,0,0,0,0,0,0,0,0,0,0,0,0,0,0,0,0
653,4,1/21/97,Guaymas,63.2,6.4,H,II,Triphoturus,,0.8,0,0,0,0,0,0,0,0,0,0,0,0,0,0,0,0,0,0,0,0,0,0,0,0,0,0,0,0,0,0,0,0,0,0,0
682,33,1/23/97,Guaymas,63.6,7.2,M,IV,Triphoturus,,1,0.9,0.9,1,1,0.9,0.9,0,0,0,0,0,0,0,0,0,0,0,0,0,0,0,0,0,0,0,0,0,0,0,0,0,0,0,0,0
542,19,10/16/96,Santa Rosalia,65.7,9.325,H,III,Triphoturus,,0.7,0,0,0,0,0,0,0,0,0,0,0,0,0,0,0,0,0,0,0,0,0,0,0,0,0,0,0,0,0,0,0,0,0,0,0
,,2/17/97,Guaymas,65.8,,M,V,Triphoturus,,0.9,0.9,0.9,0.7,1,1,1,1,0,0,0,0,0,0,0,0,0,0,0,0,0,0,0,0,0,0,0,0,0,0,0,0,0,0,0,0
759,4,4/15/97,Guaymas,65.9,7.75,M,V,Triphoturus,,0.9,0,0,0,0,0,0,0,0,0,0,0,0,0,0,0,0,0,0,0,0,0,0,0,0,0,0,0,0,0,0,0,0,0,0,0
,,2/17/97,Guaymas,69.2,,H,III,Triphoturus,,1.2,1.2,1.1,1.1,1.2,1.2,1,1.1,1.1,1.2,1.2,1,1.1,1.2,1.3,1,0,0,0,0,0,0,0,0,0,0,0,0,0,0,0,0,0,0,0,0
776,21,4/16/97,Guaymas,69.6,10.3,H,V,Triphoturus,,0.9,0,0,0,0,0,0,0,0,0,0,0,0,0,0,0,0,0,0,0,0,0,0,0,0,0,0,0,0,0,0,0,0,0,0,0
678,29,1/23/97,Guaymas,69.9,,M,V,Triphoturus,,0.9,0.9,0,0,0,0,0,0,0,0,0,0,0,0,0,0,0,0,0,0,0,0,0,0,0,0,0,0,0,0,0,0,0,0,0,0
705,23,2/17/97,Guaymas,70.6,11.125,H,III,Triphoturus,,0.9,0.9,1.3,1.2,1.2,1,1,0.9,1.2,1,0.6,1.2,1.1,0,0,0,0,0,0,0,0,0,0,0,0,0,0,0,0,0,0,0,0,0,0,0
780,25,4/16/97,Guaymas,70.8,,H,III,Triphoturus,,0.9,0,0,0,0,0,0,0,0,0,0,0,0,0,0,0,0,0,0,0,0,0,0,0,0,0,0,0,0,0,0,0,0,0,0,0
768,13,4/15/97,Guaymas,71.2,12.425,H,III,Triphoturus,,0.9,0,0,0,0,0,0,0,0,0,0,0,0,0,0,0,0,0,0,0,0,0,0,0,0,0,0,0,0,0,0,0,0,0,0,0
708,26,2/17/97,Guaymas,71.2,11.8,H,III,Triphoturus,,1.1,1.1,1,0.9,1.2,1.2,1,0,0,0,0,0,0,0,0,0,0,0,0,0,0,0,0,0,0,0,0,0,0,0,0,0,0,0,0,0
761,6,4/15/97,Guaymas,72.6,13.325,H,III,Triphoturus,,1,0.7,0,0,0,0,0,0,0,0,0,0,0,0,0,0,0,0,0,0,0,0,0,0,0,0,0,0,0,0,0,0,0,0,0,0
675,26,1/23/97,Guaymas,73,12.925,H,III,Triphoturus,,1,1,1.2,1.1,1.1,1.1,1.1,1.1,1,1,1.2,0,0,0,0,0,0,0,0,0,0,0,0,0,0,0,0,0,0,0,0,0,0,0,0,0
667,18,1/23/97,Guaymas,73.5,11.825,H,III,Triphoturus,,0.9,0.9,1.1,0.8,0,0,0,0,0,0,0,0,0,0,0,0,0,0,0,0,0,0,0,0,0,0,0,0,0,0,0,0,0,0,0,0
,,2/17/97,Guaymas,74,,H,V,Triphoturus,,1.1,1.2,1.2,1.3,1.3,1.1,1.3,1.3,1.1,1,1.1,1.1,1,1,1.2,0,0,0,0,0,0,0,0,0,0,0,0,0,0,0,0,0,0,0,0,0
676,27,1/23/97,Guaymas,74.1,11.975,H,V,Triphoturus,,0.8,0.8,0.9,1,1,1.1,0,0,0,0,0,0,0,0,0,0,0,0,0,0,0,0,0,0,0,0,0,0,0,0,0,0,0,0,0,0
677,28,1/23/97,Guaymas,75,11.35,M,V,Triphoturus,,0.8,1,1,0.9,1,0,0,0,0,0,0,0,0,0,0,0,0,0,0,0,0,0,0,0,0,0,0,0,0,0,0,0,0,0,0,0
763,8,4/15/97,Guaymas,75.4,14.025,H,III,Triphoturus,,1,0,0,0,0,0,0,0,0,0,0,0,0,0,0,0,0,0,0,0,0,0,0,0,0,0,0,0,0,0,0,0,0,0,0,0
670,21,1/23/97,Guaymas,77.9,14.625,H,V,Triphoturus,,0.8,0,0,0,0,0,0,0,0,0,0,0,0,0,0,0,0,0,0,0,0,0,0,0,0,0,0,0,0,0,0,0,0,0,0,0
758,3,4/15/97,Guaymas,81,17.075,H,V,Triphoturus,,0.9,1,0,0,0,0,0,0,0,0,0,0,0,0,0,0,0,0,0,0,0,0,0,0,0,0,0,0,0,0,0,0,0,0,0,0
 , s/n,3/16/97,Santa Rosalia, , , , ,Triphoturus,,0.8,0,0,0,0,0,0,0,0,0,0,0,0,0,0,0,0,0,0,0,0,0,0,0,0,0,0,0,0,0,0,0,0,0,0,0
20,2,5/1/99,LORETO,23.6,279.4,H,II,Triphoturus,,1.3,1.1,0,0,0,0,0,0,0,0,0,0,0,0,0,0,0,0,0,0,0,0,0,0,0,0,0,0,0,0,0,0,0,0,0,0
232,16,5/26/99,VOLCAN MARIAS,27.6,,M,II,Triphoturus,,1.125,0.9,0.825,0,0,0,0,0,0,0,0,0,0,0,0,0,0,0,0,0,0,0,0,0,0,0,0,0,0,0,0,0,0,0,0,0
28,10,5/1/99,LORETO,25.2,318.7,H,II,Triphoturus,,1.1,1,1.2,1.1,1,0,0,0,0,0,0,0,0,0,0,0,0,0,0,0,0,0,0,0,0,0,0,0,0,0,0,0,0,0,0,0
34,17,5/1/99,LORETO,26.3,392.2,H,II-III,Triphoturus,,1.1,1,1.2,1.1,1.1,1.1,1.1,1,1,1.2,0,0,0,0,0,0,0,0,0,0,0,0,0,0,0,0,0,0,0,0,0,0,0,0,0,0
50,6,5/22/99,TOPOLOBAMPO,35.1,1134.7,H,IV,Triphoturus,,1.1,0,0,0,0,0,0,0,0,0,0,0,0,0,0,0,0,0,0,0,0,0,0,0,0,0,0,0,0,0,0,0,0,0,0,0
60,7,5/22/99,TOPOLOBAMPO,33.1,797.6,M,V,Triphoturus,,1.1,0,0,0,0,0,0,0,0,0,0,0,0,0,0,0,0,0,0,0,0,0,0,0,0,0,0,0,0,0,0,0,0,0,0,0
87,,5/23/99,STA ROSALIA,28.5,,M,III,Triphoturus,,1.1,0,0,0,0,0,0,0,0,0,0,0,0,0,0,0,0,0,0,0,0,0,0,0,0,0,0,0,0,0,0,0,0,0,0,0
149,s/n,5/24/99,VOLCAN MARIAS,33.5,,M,III,Triphoturus,,1.1,0,0,0,0,0,0,0,0,0,0,0,0,0,0,0,0,0,0,0,0,0,0,0,0,0,0,0,0,0,0,0,0,0,0,0
178,s/n,5/25/99,VOLCAN MARIAS,34,,H,III,Triphoturus,,1.1,1,0.95,0.9,1.2,1,1,0.95,0.95,0.95,0.95,0.9,0.9,0,0,0,0,0,0,0,0,0,0,0,0,0,0,0,0,0,0,0,0,0,0,0
53,9,5/22/99,TOPOLOBAMPO,32.3,712.2,M,IV,Triphoturus,,1.05,0,0,0,0,0,0,0,0,0,0,0,0,0,0,0,0,0,0,0,0,0,0,0,0,0,0,0,0,0,0,0,0,0,0,0
100,11,5/23/99,STA ROSALIA,32.7,796.3,M,V,Triphoturus,,1.05,0,0,0,0,0,0,0,0,0,0,0,0,0,0,0,0,0,0,0,0,0,0,0,0,0,0,0,0,0,0,0,0,0,0,0
30,12,5/1/99,LORETO,25.9,397.1,H,II-III,Triphoturus,,1,0.8,1.1,1.2,0,0,0,0,0,0,0,0,0,0,0,0,0,0,0,0,0,0,0,0,0,0,0,0,0,0,0,0,0,0,0,0
32,14,5/1/99,LORETO,23,245.9,H,II,Triphoturus,,1,0,0,0,0,0,0,0,0,0,0,0,0,0,0,0,0,0,0,0,0,0,0,0,0,0,0,0,0,0,0,0,0,0,0,0
47,3,5/22/99,TOPOLOBAMPO,29.9,746.7,H,V,Triphoturus,,1,0,0,0,0,0,0,0,0,0,0,0,0,0,0,0,0,0,0,0,0,0,0,0,0,0,0,0,0,0,0,0,0,0,0,0
58,5,5/22/99,TOPOLOBAMPO,27.2,491.9,H,V,Triphoturus,,1,0,0,0,0,0,0,0,0,0,0,0,0,0,0,0,0,0,0,0,0,0,0,0,0,0,0,0,0,0,0,0,0,0,0,0
116,s/n,5/24/99,VOLCAN MARIAS,29,,M,II,Triphoturus,,1,0,0,0,0,0,0,0,0,0,0,0,0,0,0,0,0,0,0,0,0,0,0,0,0,0,0,0,0,0,0,0,0,0,0,0
119,s/n,5/24/99,VOLCAN MARIAS,29,,M,II,Triphoturus,,1,0,0,0,0,0,0,0,0,0,0,0,0,0,0,0,0,0,0,0,0,0,0,0,0,0,0,0,0,0,0,0,0,0,0,0
141,s/n,5/24/99,VOLCAN MARIAS,33.5,,H,II,Triphoturus,,1,0.8,0.9,0.75,0.85,0,0,0,0,0,0,0,0,0,0,0,0,0,0,0,0,0,0,0,0,0,0,0,0,0,0,0,0,0,0,0
145,s/n,5/24/99,VOLCAN MARIAS,32.5,,H,II,Triphoturus,,1,0,0,0,0,0,0,0,0,0,0,0,0,0,0,0,0,0,0,0,0,0,0,0,0,0,0,0,0,0,0,0,0,0,0,0
115,s/n,5/24/99,VOLCAN MARIAS,28.7,,M,III,Triphoturus,,0.975,0.75,0.8,0,0,0,0,0,0,0,0,0,0,0,0,0,0,0,0,0,0,0,0,0,0,0,0,0,0,0,0,0,0,0,0,0
44,4,5/22/99,TOPOLOBAMPO,28.4,453.6,H,V,Triphoturus,,0.95,0,0,0,0,0,0,0,0,0,0,0,0,0,0,0,0,0,0,0,0,0,0,0,0,0,0,0,0,0,0,0,0,0,0,0
51,7,5/22/99,TOPOLOBAMPO,33.5,815.7,H,IV,Triphoturus,,0.95,1.05,0,0,0,0,0,0,0,0,0,0,0,0,0,0,0,0,0,0,0,0,0,0,0,0,0,0,0,0,0,0,0,0,0,0
139,s/n,5/24/99,VOLCAN MARIAS,29.1,,M,V,Triphoturus,,0.95,0,0,0,0,0,0,0,0,0,0,0,0,0,0,0,0,0,0,0,0,0,0,0,0,0,0,0,0,0,0,0,0,0,0,0
75,2,5/23/99,STA ROSALIA,31.2,761.7,H,III,Triphoturus,,0.9,0,0,0,0,0,0,0,0,0,0,0,0,0,0,0,0,0,0,0,0,0,0,0,0,0,0,0,0,0,0,0,0,0,0,0
92,3,5/23/99,STA ROSALIA,27.1,416.8,M,V,Triphoturus,,0.9,0,0,0,0,0,0,0,0,0,0,0,0,0,0,0,0,0,0,0,0,0,0,0,0,0,0,0,0,0,0,0,0,0,0,0
94,5,5/23/99,STA ROSALIA,36.1,826.8,H,III,Triphoturus,,0.9,0.9,0.9,0.75,0,0,0,0,0,0,0,0,0,0,0,0,0,0,0,0,0,0,0,0,0,0,0,0,0,0,0,0,0,0,0,0
162,4,5/25/99,VOLCAN MARIAS,32.3,740,M,V,Triphoturus,,0.9,0.8625,0.7875,0.975,0.825,0.9,0.9,0.8625,0.8625,0.8625,0.8625,0,0,0,0,0,0,0,0,0,0,0,0,0,0,0,0,0,0,0,0,0,0,0,0,0
169,s/n,5/25/99,VOLCAN MARIAS,33.7,,H,II,Triphoturus,,0.9,0,0,0,0,0,0,0,0,0,0,0,0,0,0,0,0,0,0,0,0,0,0,0,0,0,0,0,0,0,0,0,0,0,0,0
207,,5/25/99,VOLCAN MARIAS,31.4,,H,III,Triphoturus,,0.9,1.125,0.975,0.9375,0.9,0.9,0.975,0.975,0.975,0,0,0,0,0,0,0,0,0,0,0,0,0,0,0,0,0,0,0,0,0,0,0,0,0,0,0
253,4,5/26/99,VOLCAN MARIAS,34.3,901.9,H,III,Triphoturus,,0.9,0.7875,0.825,0.7875,0.825,0.825,0.825,0,0,0,0,0,0,0,0,0,0,0,0,0,0,0,0,0,0,0,0,0,0,0,0,0,0,0,0,0
254,5,5/26/99,VOLCAN MARIAS,30.3,669.7,M,III,Triphoturus,,0.9,0.975,0.825,0.75,0.675,0.7125,0.8625,0.9,0.825,0,0.7875,0.75,0.75,0.75,0.675,0,0,0,0,0,0,0,0,0,0,0,0,0,0,0,0,0,0,0,0,0
244,s/n,5/26/99,VOLCAN MARIAS,32.7,,H,II,Triphoturus,,0.8625,0.75,0.75,0,0,0,0,0,0,0,0,0,0,0,0,0,0,0,0,0,0,0,0,0,0,0,0,0,0,0,0,0,0,0,0,0
43,3,5/22/99,TOPOLOBAMPO,28.6,528.9,H,II,Triphoturus,,0.85,0,0,0,0,0,0,0,0,0,0,0,0,0,0,0,0,0,0,0,0,0,0,0,0,0,0,0,0,0,0,0,0,0,0,0
46,2,5/22/99,TOPOLOBAMPO,29.9,865.7,H,V,Triphoturus,,0.85,0,0,0,0,0,0,0,0,0,0,0,0,0,0,0,0,0,0,0,0,0,0,0,0,0,0,0,0,0,0,0,0,0,0,0
98,9,5/23/99,STA ROSALIA,25.9,366.8,M,III,Triphoturus,,0.85,0,0,0,0,0,0,0,0,0,0,0,0,0,0,0,0,0,0,0,0,0,0,0,0,0,0,0,0,0,0,0,0,0,0,0
138,s/n,5/24/99,VOLCAN MARIAS,33.4,,H,III,Triphoturus,,0.85,0,0,0,0,0,0,0,0,0,0,0,0,0,0,0,0,0,0,0,0,0,0,0,0,0,0,0,0,0,0,0,0,0,0,0
245,s/n,5/26/99,VOLCAN MARIAS,32.6,,H,V,Triphoturus,,0.825,0.9,0,0,0,0,0,0,0,0,0,0,0,0,0,0,0,0,0,0,0,0,0,0,0,0,0,0,0,0,0,0,0,0,0,0
29,11,5/1/99,LORETO,21.7,206.4,H,II,Triphoturus,,0.8,0.8,1.1,0,0,0,0,0,0,0,0,0,0,0,0,0,0,0,0,0,0,0,0,0,0,0,0,0,0,0,0,0,0,0,0,0
39,22,5/1/99,LORETO,21.5,236.3,M,III,Triphoturus,,0.8,0.9,1.1,0,0,0,0,0,0,0,0,0,0,0,0,0,0,0,0,0,0,0,0,0,0,0,0,0,0,0,0,0,0,0,0,0
95,6,5/23/99,STA ROSALIA,32,806.8,H,II,Triphoturus,,0.8,0,0,0,0,0,0,0,0,0,0,0,0,0,0,0,0,0,0,0,0,0,0,0,0,0,0,0,0,0,0,0,0,0,0,0
166,s/n,5/25/99,VOLCAN MARIAS,29.6,,H,II,Triphoturus,,0.8,0,0,0,0,0,0,0,0,0,0,0,0,0,0,0,0,0,0,0,0,0,0,0,0,0,0,0,0,0,0,0,0,0,0,0
216,,5/25/99,VOLCAN MARIAS,32.1,,H,II,Triphoturus,,0.7875,0,0,0,0,0,0,0,0,0,0,0,0,0,0,0,0,0,0,0,0,0,0,0,0,0,0,0,0,0,0,0,0,0,0,0
112,s/n,5/24/99,VOLCAN MARIAS,33,,M,V,Triphoturus,,0.75,0,0,0,0,0,0,0,0,0,0,0,0,0,0,0,0,0,0,0,0,0,0,0,0,0,0,0,0,0,0,0,0,0,0,0
248,s/n,5/26/99,VOLCAN MARIAS,32.2,,H,II,Triphoturus,,0.75,0,0,0,0,0,0,0,0,0,0,0,0,0,0,0,0,0,0,0,0,0,0,0,0,0,0,0,0,0,0,0,0,0,0,0
218,1,5/26/99,VOLCAN MARIAS,29,,H,II,Triphoturus,,0.7125,0,0,0,0,0,0,0,0,0,0,0,0,0,0,0,0,0,0,0,0,0,0,0,0,0,0,0,0,0,0,0,0,0,0,0
225,8,5/26/99,VOLCAN MARIAS,27.8,,M,V,Triphoturus,,0.7125,0.75,0,0,0,0,0,0,0,0,0,0,0,0,0,0,0,0,0,0,0,0,0,0,0,0,0,0,0,0,0,0,0,0,0,0
2,2,5/10/98,TORTUGA,27.5,480.2,H,IV,Triphoturus,,0.7,0,0,0,0,0,0,0,0,0,0,0,0,0,0,0,0,0,0,0,0,0,0,0,0,0,0,0,0,0,0,0,0,0,0,0
59,6,5/22/99,TOPOLOBAMPO,28,447.2,H,V,Triphoturus,,0.7,0,0,0,0,0,0,0,0,0,0,0,0,0,0,0,0,0,0,0,0,0,0,0,0,0,0,0,0,0,0,0,0,0,0,0
80,,5/23/99,STA ROSALIA,26.5,,M,IV,Triphoturus,,0.7,0,0,0,0,0,0,0,0,0,0,0,0,0,0,0,0,0,0,0,0,0,0,0,0,0,0,0,0,0,0,0,0,0,0,0
110,7,5/24/99,VOLCAN MARIAS,32.6,835,H,V,Triphoturus,,0.7,0,0,0,0,0,0,0,0,0,0,0,0,0,0,0,0,0,0,0,0,0,0,0,0,0,0,0,0,0,0,0,0,0,0,0
237,21,5/26/99,VOLCAN MARIAS,33.9,,H,IV,Triphoturus,,0.675,0.75,0.825,0.9,0.75,0.675,0,0,0,0,0,0,0,0,0,0,0,0,0,0,0,0,0,0,0,0,0,0,0,0,0,0,0,0,0,0
241,25,5/26/99,VOLCAN MARIAS,39.4,,H,III,Triphoturus,,0.675,0,0,0,0,0,0,0,0,0,0,0,0,0,0,0,0,0,0,0,0,0,0,0,0,0,0,0,0,0,0,0,0,0,0,0
142,s/n,5/24/99,VOLCAN MARIAS,32,,H,II,Triphoturus,,0.65,0,0,0,0,0,0,0,0,0,0,0,0,0,0,0,0,0,0,0,0,0,0,0,0,0,0,0,0,0,0,0,0,0,0,0
11,#VALUE!,5/10/98,TORTUGA,25.6,406,M,II,Triphoturus,,0.6,0.7,0,0,0,0,0,0,0,0,0,0,0,0,0,0,0,0,0,0,0,0,0,0,0,0,0,0,0,0,0,0,0,0,0,0
102,s/n,5/23/99,STA ROSALIA,30.6,,H,II,Triphoturus,,0.5,0,0,0,0,0,0,0,0,0,0,0,0,0,0,0,0,0,0,0,0,0,0,0,0,0,0,0,0,0,0,0,0,0,0,0
71,2,5/23/99,SAN BRUNO,26.7,406.6,H,II,Triphoturus,,0.466666667,0,0,0,0,0,0,0,0,0,0,0,0,0,0,0,0,0,0,0,0,0,0,0,0,0,0,0,0,0,0,0,0,0,0,0
,26,10/29/00,IMECOCAL,29,,H,II,Triphoturus,,0.25,0,0,0,0,0,0,0,0,0,0,0,0,0,0,0,0,0,0,0,0,0,0,0,0,0,0,0,0,0,0,0,0,0,0,0
SPM5 Jul 2006 SS,6,7/18/2006  20:45:00 PM,SPM5,44,,F,II,Triphoturus,,1,1.1,0.85,1,0.85,1,0.85,1,0,0,0,0,0,0,0,0,0,0,0,0,0,0,0,0,0,0,0,0,0,0,0,0,0,0,0,0
Santa Rosalia March 2007,A37,03/22/07,,45,,M,3,Triphoturus,,0.85,0,0,0,0,0,0,0,0,0,0,0,0,0,0,0,0,0,0,0,0,0,0,0,0,0,0,0,0,0,0,0,0,0,0,0
SR Nov 07,13,10-11-07,Sta Rosalia,51.5,,M,3,Triphoturus,,0.9,0.9,0.8,0.8,0.8,0.8,0.8,0.75,1.1,0.8,0.8,0.8,0.9,1.1,0.9,0.95,0.9,0.9,1,1,0.9,1,1.2,0.8,0.8,1,1,1.1,1,1.2,0.95,1,0.9,1,1,0.9
SR Nov 07,23,10-11-07,Sta Rosalia,53.5,,F,1,Triphoturus,,0.9,1.16,0,0,0,0,0,0,0,0,0,0,0,0,0,0,0,0,0,0,0,0,0,0,0,0,0,0,0,0,0,0,0,0,0,0
Santa Rosalia March 2007,A33,03/22/07,,55,,F,2,Triphoturus,,1.1,1.2,1.25,0.95,1.05,0.8,1.15,1.05,1,0.8,0.85,1.1,1.1,1.3,0.95,1,0.9,0.9,0.8,1.2,0.9,0,0,0,0,0,0,0,0,0,0,0,0,0,0,0
SR Nov 07,30,10-11-07,Sta Rosalia,57,,F,1,Triphoturus,,0.86,0,0,0,0,0,0,0,0,0,0,0,0,0,0,0,0,0,0,0,0,0,0,0,0,0,0,0,0,0,0,0,0,0,0,0
SPM5 Jul 2006 SS,7,7/18/2006  20:45:00 PM,SPM5,59,,F,II,Triphoturus,,0.7,0.95,0.95,0.8,0.7,0,0,0,0,0,0,0,0,0,0,0,0,0,0,0,0,0,0,0,0,0,0,0,0,0,0,0,0,0,0,0
SR Nov 07,22,10-11-07,Sta Rosalia,60,,F,2,Triphoturus,,0.84,0.9,0.82,0,0,0,0,0,0,0,0,0,0,0,0,0,0,0,0,0,0,0,0,0,0,0,0,0,0,0,0,0,0,0,0,0
SR Nov 07,21,10-11-07,Sta Rosalia,69,,F,2,Triphoturus,,0.98,1.18,1.02,0.94,0.92,0,0,0,0,0,0,0,0,0,0,0,0,0,0,0,0,0,0,0,0,0,0,0,0,0,0,0,0,0,0,0
SPM5 Jul 2006 SS,20,07/19/06,SPM5,73,,F,V,Triphoturus,,1.1,0,0,0,0,0,0,0,0,0,0,0,0,0,0,0,0,0,0,0,0,0,0,0,0,0,0,0,0,0,0,0,0,0,0,0
372,10,6/11/96,San Pedro,26,0.375,H,I,Pterygioteuthis,,0.4,0,0,0,0,0,0,0,0,0,0,0,0,0,0,0,0,0,0,0,0,0,0,0,0,0,0,0,0,0,0,0,0,0,0,0
227,2,4/2/96,Guaymas,26.7,0.407,H,I,Pterygioteuthis,URL,0.3,0.4,0,0,0,0,0,0,0,0,0,0,0,0,0,0,0,0,0,0,0,0,0,0,0,0,0,0,0,0,0,0,0,0,0,0
279,9,5/4/96,Guaymas,33.2,0.85,M ,V,Pterygioteuthis,,0.3,0,0,0,0,0,0,0,0,0,0,0,0,0,0,0,0,0,0,0,0,0,0,0,0,0,0,0,0,0,0,0,0,0,0,0
229,4,4/2/96,Guaymas,34.2,0.927,H,I,Pterygioteuthis,,0.4,0,0,0,0,0,0,0,0,0,0,0,0,0,0,0,0,0,0,0,0,0,0,0,0,0,0,0,0,0,0,0,0,0,0,0
367,5,6/11/96,San Pedro,35.8,1.075,H,II,Pterygioteuthis,,0.5,0.4,0.3,0,0,0,0,0,0,0,0,0,0,0,0,0,0,0,0,0,0,0,0,0,0,0,0,0,0,0,0,0,0,0,0,0
450,27,7/10/96,Santa Rosalia,38.2,1.125,M,II,Pterygioteuthis,,0.4,0,0,0,0,0,0,0,0,0,0,0,0,0,0,0,0,0,0,0,0,0,0,0,0,0,0,0,0,0,0,0,0,0,0,0
368,6,6/11/96,San Pedro,40.7,1.2,H,II,Pterygioteuthis,,0.4,0,0,0,0,0,0,0,0,0,0,0,0,0,0,0,0,0,0,0,0,0,0,0,0,0,0,0,0,0,0,0,0,0,0,0
439,16,7/9/96,Santa Rosalia,41.7,1.7,M,III,Pterygioteuthis,,0.4,0.5,0,0,0,0,0,0,0,0,0,0,0,0,0,0,0,0,0,0,0,0,0,0,0,0,0,0,0,0,0,0,0,0,0,0
421,33,6/18/96,San Pedro,42.1,1.975,H,II,Pterygioteuthis,,0.5,0,0,0,0,0,0,0,0,0,0,0,0,0,0,0,0,0,0,0,0,0,0,0,0,0,0,0,0,0,0,0,0,0,0,0
210,5,3/27/96,Guaymas,42.2,1.175,H,II,Pterygioteuthis,,0.4,0,0,0,0,0,0,0,0,0,0,0,0,0,0,0,0,0,0,0,0,0,0,0,0,0,0,0,0,0,0,0,0,0,0,0
482,24,8/10/96,Santa Rosalia,44,2.125,M,II,Pterygioteuthis,,0.5,0,0,0,0,0,0,0,0,0,0,0,0,0,0,0,0,0,0,0,0,0,0,0,0,0,0,0,0,0,0,0,0,0,0,0
371,9,6/11/96,San Pedro,44.7,2.2,M,V,Pterygioteuthis,,0.6,0,0,0,0,0,0,0,0,0,0,0,0,0,0,0,0,0,0,0,0,0,0,0,0,0,0,0,0,0,0,0,0,0,0,0
205,17,3/18/96,Guaymas,47.3,3,M,III,Pterygioteuthis,,0.5,0.4,0.2,0,0,0,0,0,0,0,0,0,0,0,0,0,0,0,0,0,0,0,0,0,0,0,0,0,0,0,0,0,0,0,0,0
691,9,2/16/97,Guaymas,47.3,2.925,M,III,Pterygioteuthis,,0.3,0.3,0.3,0.3,0.3,0.3,0.4,0.2,0,0,0,0,0,0,0,0,0,0,0,0,0,0,0,0,0,0,0,0,0,0,0,0,0,0,0,0
663,14,1/19/97,Guaymas,47.5,2.975,M,V,Pterygioteuthis,,0.5,0,0,0,0,0,0,0,0,0,0,0,0,0,0,0,0,0,0,0,0,0,0,0,0,0,0,0,0,0,0,0,0,0,0,0
467,9,8/10/96,Santa Rosalia,47.6,3.125,H,II,Pterygioteuthis,,0.5,0,0,0,0,0,0,0,0,0,0,0,0,0,0,0,0,0,0,0,0,0,0,0,0,0,0,0,0,0,0,0,0,0,0,0
662,13,1/19/97,Guaymas,48,2.8,H,II,Pterygioteuthis,,0.2,0.5,0.5,0.4,0.2,0.6,0,0,0,0,0,0,0,0,0,0,0,0,0,0,0,0,0,0,0,0,0,0,0,0,0,0,0,0,0,0
666,17,1/19/97,Guaymas,48.1,3.85,H,II,Pterygioteuthis,,0.3,0,0,0,0,0,0,0,0,0,0,0,0,0,0,0,0,0,0,0,0,0,0,0,0,0,0,0,0,0,0,0,0,0,0,0
215,10,3/27/96,Guaymas,48.5,2.125,M,III,Pterygioteuthis,,0.4,0,0,0,0,0,0,0,0,0,0,0,0,0,0,0,0,0,0,0,0,0,0,0,0,0,0,0,0,0,0,0,0,0,0,0
225,2,3/29/96,Guaymas,48.6,3.158,M,V,Pterygioteuthis,,0.4,0,0,0,0,0,0,0,0,0,0,0,0,0,0,0,0,0,0,0,0,0,0,0,0,0,0,0,0,0,0,0,0,0,0,0
473,15,8/10/96,Santa Rosalia,48.9,3.475,H,II,Pterygioteuthis,,0.4,0,0,0,0,0,0,0,0,0,0,0,0,0,0,0,0,0,0,0,0,0,0,0,0,0,0,0,0,0,0,0,0,0,0,0
200,8,3/18/96,Guaymas,49.2,3,H,II,Pterygioteuthis,,0.3,0,0,0,0,0,0,0,0,0,0,0,0,0,0,0,0,0,0,0,0,0,0,0,0,0,0,0,0,0,0,0,0,0,0,0
515,21,9/6/96,Santa Rosalia,49.5,3.225,M,V,Pterygioteuthis,,0.4,0,0,0,0,0,0,0,0,0,0,0,0,0,0,0,0,0,0,0,0,0,0,0,0,0,0,0,0,0,0,0,0,0,0,0
,,2/19/97,Guaymas,50.6,,H,II,Pterygioteuthis,,0.3,0.3,0.3,0.2,0.2,0,0,0,0,0,0,0,0,0,0,0,0,0,0,0,0,0,0,0,0,0,0,0,0,0,0,0,0,0,0,0
718,6,3/15/97,Guaymas,50.6,3.35,H,II,Pterygioteuthis,,0.6,0,0,0,0,0,0,0,0,0,0,0,0,0,0,0,0,0,0,0,0,0,0,0,0,0,0,0,0,0,0,0,0,0,0,0
702,20,2/16/97,Guaymas,50.8,3.4,M,III,Pterygioteuthis,,0.2,0.3,0.3,0.4,0.4,0.2,0.3,0.3,0.3,0.2,0,0,0,0,0,0,0,0,0,0,0,0,0,0,0,0,0,0,0,0,0,0,0,0,0,0
,,2/19/97,Guaymas,51.2,,M,III,Pterygioteuthis,,0.2,0.2,0.2,0.3,0.3,0.2,0.3,0.3,0.2,0,0,0,0,0,0,0,0,0,0,0,0,0,0,0,0,0,0,0,0,0,0,0,0,0,0,0
198,6,3/18/96,Guaymas,51.8,3,H,II,Pterygioteuthis,,0.7,0.4,0.4,0,0,0,0,0,0,0,0,0,0,0,0,0,0,0,0,0,0,0,0,0,0,0,0,0,0,0,0,0,0,0,0,0
686,4,2/16/97,Guaymas,52,3.175,M,V,Pterygioteuthis,URL,0.5,0.5,0.4,0,0,0,0,0,0,0,0,0,0,0,0,0,0,0,0,0,0,0,0,0,0,0,0,0,0,0,0,0,0,0,0,0
607,12,11/12/96,Guaymas,52.2,3.9,H,II,Pterygioteuthis,,0.4,0,0,0,0,0,0,0,0,0,0,0,0,0,0,0,0,0,0,0,0,0,0,0,0,0,0,0,0,0,0,0,0,0,0,0
500,6,9/6/96,Santa Rosalia,52.3,4.725,H,II,Pterygioteuthis,,0.4,0.5,0.5,0.5,0,0,0,0,0,0,0,0,0,0,0,0,0,0,0,0,0,0,0,0,0,0,0,0,0,0,0,0,0,0,0,0
549,26,10/16/96,Santa Rosalia,54,3.975,M,V,Pterygioteuthis,,0.4,0,0,0,0,0,0,0,0,0,0,0,0,0,0,0,0,0,0,0,0,0,0,0,0,0,0,0,0,0,0,0,0,0,0,0
719,7,3/15/97,Guaymas,54.2,3.7,M,IV,Pterygioteuthis,,0.5,0.5,0.5,0.4,0,0,0,0,0,0,0,0,0,0,0,0,0,0,0,0,0,0,0,0,0,0,0,0,0,0,0,0,0,0,0,0
584,7,11/9/96,Guaymas,54.9,4.025,M,V,Pterygioteuthis,,0.4,0,0,0,0,0,0,0,0,0,0,0,0,0,0,0,0,0,0,0,0,0,0,0,0,0,0,0,0,0,0,0,0,0,0,0
604,9,11/12/96,Guaymas,55.1,4.65,H,II,Pterygioteuthis,,0.6,0.6,0.6,0.5,0.5,0.5,0,0,0,0,0,0,0,0,0,0,0,0,0,0,0,0,0,0,0,0,0,0,0,0,0,0,0,0,0,0
,,2/19/97,Guaymas,55.2,,M,IV,Pterygioteuthis,,0.3,0.3,0,0,0,0,0,0,0,0,0,0,0,0,0,0,0,0,0,0,0,0,0,0,0,0,0,0,0,0,0,0,0,0,0,0
528,5,10/16/96,Santa Rosalia,58,5.5,M,V,Pterygioteuthis,,0.5,0,0,0,0,0,0,0,0,0,0,0,0,0,0,0,0,0,0,0,0,0,0,0,0,0,0,0,0,0,0,0,0,0,0,0
659,10,1/19/97,Guaymas,58.2,5.325,M,V,Pterygioteuthis,,0.5,0.5,0.5,0,0,0,0,0,0,0,0,0,0,0,0,0,0,0,0,0,0,0,0,0,0,0,0,0,0,0,0,0,0,0,0,0
774,19,4/16/97,Guaymas,58.8,5.85,M,V,Pterygioteuthis,,0.4,0.4,0,0,0,0,0,0,0,0,0,0,0,0,0,0,0,0,0,0,0,0,0,0,0,0,0,0,0,0,0,0,0,0,0,0
502,8,9/6/96,Santa Rosalia,59,5.975,H,II,Pterygioteuthis,,0.3,0,0,0,0,0,0,0,0,0,0,0,0,0,0,0,0,0,0,0,0,0,0,0,0,0,0,0,0,0,0,0,0,0,0,0
767,12,4/15/97,Guaymas,59.4,5.725,M,IV,Pterygioteuthis,,0.2,0.2,0,0,0,0,0,0,0,0,0,0,0,0,0,0,0,0,0,0,0,0,0,0,0,0,0,0,0,0,0,0,0,0,0,0
509,15,9/6/96,Santa Rosalia,59.5,5.675,M,V,Pterygioteuthis,,0.3,0.4,0.4,0.4,0,0,0,0,0,0,0,0,0,0,0,0,0,0,0,0,0,0,0,0,0,0,0,0,0,0,0,0,0,0,0,0
598,3,11/12/96,Guaymas,59.9,5.325,M,V,Pterygioteuthis,,0.5,0,0,0,0,0,0,0,0,0,0,0,0,0,0,0,0,0,0,0,0,0,0,0,0,0,0,0,0,0,0,0,0,0,0,0
766,11,4/15/97,Guaymas,60,5.975,H,II,Pterygioteuthis,,0.3,0.4,0,0,0,0,0,0,0,0,0,0,0,0,0,0,0,0,0,0,0,0,0,0,0,0,0,0,0,0,0,0,0,0,0,0
470,12,8/10/96,Santa Rosalia,60.6,5.975,H,II,Pterygioteuthis,,0.4,0.4,0.6,0,0,0,0,0,0,0,0,0,0,0,0,0,0,0,0,0,0,0,0,0,0,0,0,0,0,0,0,0,0,0,0,0
16,16,11/10/95,Guaymas,61,,M,V,Pterygioteuthis,,0.4,0.4,0.4,0.4,0.4,0.4,0.4,0.4,0.4,0.4,0.4,0.4,0.4,0.4,0.5,0.5,0.5,0.5,0.5,0.5,0.5,0.5,0.5,0.5,0.5,0.5,0.5,0.5,0.6,0.6,0.6,0.6,0,0,0,0
722,10,3/15/97,Guaymas,61,7.65,H,II,Pterygioteuthis,,0.3,0,0,0,0,0,0,0,0,0,0,0,0,0,0,0,0,0,0,0,0,0,0,0,0,0,0,0,0,0,0,0,0,0,0,0
545,22,10/16/96,Santa Rosalia,61.8,6.6,H,V,Pterygioteuthis,,0.5,0,0,0,0,0,0,0,0,0,0,0,0,0,0,0,0,0,0,0,0,0,0,0,0,0,0,0,0,0,0,0,0,0,0,0
,,9/6/96,Santa Rosalia,62.1,,H,II,Pterygioteuthis,,0.4,0.55,0.4,0.4,0.5,0.5,0.55,0.35,0.45,0.45,0.4,0.5,0.4,0.4,0.45,0.45,0.5,0.5,0.45,0.5,0.4,0.4,0.5,0.4,0.4,0,0,0,0,0,0,0,0,0,0,0
30,30,11/10/95,Guaymas,62.2,,M,V,Pterygioteuthis,,0.5,0,0,0,0,0,0,0,0,0,0,0,0,0,0,0,0,0,0,0,0,0,0,0,0,0,0,0,0,0,0,0,0,0,0,0
760,5,4/15/97,Guaymas,62.5,7.775,H,III,Pterygioteuthis,,0.4,0.4,0.4,0.4,0.4,0.4,0.4,0.4,0.3,0.3,0.3,0.3,0,0,0,0,0,0,0,0,0,0,0,0,0,0,0,0,0,0,0,0,0,0,0,0
521,26,9/8/96,Santa Rosalia,62.5,6.825,H,II,Pterygioteuthis,,0.5,0.5,0.5,0.4,0,0,0,0,0,0,0,0,0,0,0,0,0,0,0,0,0,0,0,0,0,0,0,0,0,0,0,0,0,0,0,0
110,6,2/2/96,Guaymas,63,6.04,M,V,Pterygioteuthis,,0.5,0,0,0,0,0,0,0,0,0,0,0,0,0,0,0,0,0,0,0,0,0,0,0,0,0,0,0,0,0,0,0,0,0,0,0
40,8,11/23/95,Guaymas,64,7.65,M,V,Pterygioteuthis,,0.4,0,0,0,0,0,0,0,0,0,0,0,0,0,0,0,0,0,0,0,0,0,0,0,0,0,0,0,0,0,0,0,0,0,0,0
508,14,9/6/96,Santa Rosalia,65,8.025,M,V,Pterygioteuthis,,0.5,0.5,0,0,0,0,0,0,0,0,0,0,0,0,0,0,0,0,0,0,0,0,0,0,0,0,0,0,0,0,0,0,0,0,0,0
13,13,11/10/95,Guaymas,65,,M,,Pterygioteuthis,,0.6,0,0,0,0,0,0,0,0,0,0,0,0,0,0,0,0,0,0,0,0,0,0,0,0,0,0,0,0,0,0,0,0,0,0,0
27,27,11/10/95,Guaymas,65.6,,H,,Pterygioteuthis,,0.6,0.5,0.6,0.5,0.6,0.4,0.5,0.6,0.5,0.5,0.5,0.5,0.5,0.5,0,0,0,0,0,0,0,0,0,0,0,0,0,0,0,0,0,0,0,0,0,0
759,4,4/15/97,Guaymas,65.9,7.75,M,V,Pterygioteuthis,,0.3,0.8,0,0,0,0,0,0,0,0,0,0,0,0,0,0,0,0,0,0,0,0,0,0,0,0,0,0,0,0,0,0,0,0,0,0
756,1,4/15/97,Guaymas,66.9,9.225,M,V,Pterygioteuthis,,0.5,0.4,0.4,0.4,0.3,0,0,0,0,0,0,0,0,0,0,0,0,0,0,0,0,0,0,0,0,0,0,0,0,0,0,0,0,0,0,0
106,2,2/2/96,Guaymas,66.9,7.65,M,V,Pterygioteuthis,,0.4,0,0,0,0,0,0,0,0,0,0,0,0,0,0,0,0,0,0,0,0,0,0,0,0,0,0,0,0,0,0,0,0,0,0,0
504,10,9/6/96,Santa Rosalia,67.2,9.3,M,V,Pterygioteuthis,,0.4,0,0,0,0,0,0,0,0,0,0,0,0,0,0,0,0,0,0,0,0,0,0,0,0,0,0,0,0,0,0,0,0,0,0,0
484,26,8/10/96,Santa Rosalia,67.3,9.775,M,V,Pterygioteuthis,,0.3,0,0,0,0,0,0,0,0,0,0,0,0,0,0,0,0,0,0,0,0,0,0,0,0,0,0,0,0,0,0,0,0,0,0,0
492,33,8/11/96,Santa Rosalia,67.3,8.475,M,V,Pterygioteuthis,,0.5,0,0,0,0,0,0,0,0,0,0,0,0,0,0,0,0,0,0,0,0,0,0,0,0,0,0,0,0,0,0,0,0,0,0,0
104,7,2/1/96,Guaymas,68,9.325,M,V,Pterygioteuthis,,0.6,0.6,0.6,0.6,0.2,0,0,0,0,0,0,0,0,0,0,0,0,0,0,0,0,0,0,0,0,0,0,0,0,0,0,0,0,0,0,0
466,8,8/10/96,Santa Rosalia,68,10.125,H,III,Pterygioteuthis,,0.4,0,0,0,0,0,0,0,0,0,0,0,0,0,0,0,0,0,0,0,0,0,0,0,0,0,0,0,0,0,0,0,0,0,0,0
81,49,11/29/95,Guaymas,69.2,,M,V,Pterygioteuthis,,0.6,0,0,0,0,0,0,0,0,0,0,0,0,0,0,0,0,0,0,0,0,0,0,0,0,0,0,0,0,0,0,0,0,0,0,0
776,21,4/16/97,Guaymas,69.6,10.3,H,V,Pterygioteuthis,,0.3,0.4,0,0,0,0,0,0,0,0,0,0,0,0,0,0,0,0,0,0,0,0,0,0,0,0,0,0,0,0,0,0,0,0,0,0
483,25,8/10/96,Santa Rosalia,70,10.975,H,III,Pterygioteuthis,,0.4,0,0,0,0,0,0,0,0,0,0,0,0,0,0,0,0,0,0,0,0,0,0,0,0,0,0,0,0,0,0,0,0,0,0,0
489,30,8/11/96,Santa Rosalia,70.1,9.525,M,V,Pterygioteuthis,,0.5,0,0,0,0,0,0,0,0,0,0,0,0,0,0,0,0,0,0,0,0,0,0,0,0,0,0,0,0,0,0,0,0,0,0,0
111,7,2/2/96,Guaymas,70.5,12.755,M,V,Pterygioteuthis,,0.6,0,0,0,0,0,0,0,0,0,0,0,0,0,0,0,0,0,0,0,0,0,0,0,0,0,0,0,0,0,0,0,0,0,0,0
780,25,4/16/97,Guaymas,70.8,,H,III,Pterygioteuthis,,0.3,0,0,0,0,0,0,0,0,0,0,0,0,0,0,0,0,0,0,0,0,0,0,0,0,0,0,0,0,0,0,0,0,0,0,0
777,22,4/16/97,Guaymas,70.9,,H,III,Pterygioteuthis,,0.4,0.3,0.4,0.4,0.5,0,0,0,0,0,0,0,0,0,0,0,0,0,0,0,0,0,0,0,0,0,0,0,0,0,0,0,0,0,0,0
761,6,4/15/97,Guaymas,72.6,13.325,H,III,Pterygioteuthis,,0.1,0,0,0,0,0,0,0,0,0,0,0,0,0,0,0,0,0,0,0,0,0,0,0,0,0,0,0,0,0,0,0,0,0,0,0
514,20,9/6/96,Santa Rosalia,73.6,12.95,H,V,Pterygioteuthis,,0.5,0.5,0.4,0.5,0.3,0.3,0.5,0.5,0.4,0.5,0.4,0.5,0.4,0.5,0,0,0,0,0,0,0,0,0,0,0,0,0,0,0,0,0,0,0,0,0,0
757,2,4/15/97,Guaymas,74.6,15.075,H,V,Pterygioteuthis,,0.4,0,0,0,0,0,0,0,0,0,0,0,0,0,0,0,0,0,0,0,0,0,0,0,0,0,0,0,0,0,0,0,0,0,0,0
555,32,10/16/96,Santa Rosalia,76.6,15.175,H,V,Pterygioteuthis,,0.4,0,0,0,0,0,0,0,0,0,0,0,0,0,0,0,0,0,0,0,0,0,0,0,0,0,0,0,0,0,0,0,0,0,0,0
3,3,11/10/95,Guaymas,77,,H,V,Pterygioteuthis,,0.4,0,0,0,0,0,0,0,0,0,0,0,0,0,0,0,0,0,0,0,0,0,0,0,0,0,0,0,0,0,0,0,0,0,0,0
17,17,11/10/95,Guaymas,78,,H,III,Pterygioteuthis,,0.5,0.5,0.5,0.5,0.5,0.5,0.5,0.5,0.5,0.5,0.5,0.5,0.5,0.6,0.6,0.4,0.4,0.4,0.4,0,0,0,0,0,0,0,0,0,0,0,0,0,0,0,0,0
534,11,10/16/96,Santa Rosalia,78.6,15.325,H,V,Pterygioteuthis,,0.5,0.5,0.4,0,0,0,0,0,0,0,0,0,0,0,0,0,0,0,0,0,0,0,0,0,0,0,0,0,0,0,0,0,0,0,0,0
29,,5/1/99,LORETO,21.7,206.4,H,II,Pterygioteuthis,,0.3,0.3,0,0,0,0,0,0,0,0,0,0,0,0,0,0,0,0,0,0,0,0,0,0,0,0,0,0,0,0,0,0,0,0,0,0
40,,5/1/99,LORETO,23,225.1,M,III,Pterygioteuthis,URL,0.2,0.3,0,0,0,0,0,0,0,0,0,0,0,0,0,0,0,0,0,0,0,0,0,0,0,0,0,0,0,0,0,0,0,0,0,0
10,,5/10/98,TORTUGA,24.6,426.2,H,V,Pterygioteuthis,,0.5,0,0,0,0,0,0,0,0,0,0,0,0,0,0,0,0,0,0,0,0,0,0,0,0,0,0,0,0,0,0,0,0,0,0,0
14,,5/10/98,TORTUGA,25.6,440.8,H,III,Pterygioteuthis,,0.5,0.6,0,0,0,0,0,0,0,0,0,0,0,0,0,0,0,0,0,0,0,0,0,0,0,0,0,0,0,0,0,0,0,0,0,0
249,,5/26/99,VOLCAN MARIAS,27,,H,II,Pterygioteuthis,,0.375,0,0,0,0,0,0,0,0,0,0,0,0,0,0,0,0,0,0,0,0,0,0,0,0,0,0,0,0,0,0,0,0,0,0,0
86,,5/23/99,STA ROSALIA,27.2,,H,II,Pterygioteuthis,,0.4,0.5,0.5,0,0,0,0,0,0,0,0,0,0,0,0,0,0,0,0,0,0,0,0,0,0,0,0,0,0,0,0,0,0,0,0,0
59,,5/22/99,TOPOLOBAMPO,28,447.2,H,V,Pterygioteuthis,,0.45,0,0,0,0,0,0,0,0,0,0,0,0,0,0,0,0,0,0,0,0,0,0,0,0,0,0,0,0,0,0,0,0,0,0,0
115,,5/24/99,VOLCAN MARIAS,28.7,,M,III,Pterygioteuthis,,0.4,0,0,0,0,0,0,0,0,0,0,0,0,0,0,0,0,0,0,0,0,0,0,0,0,0,0,0,0,0,0,0,0,0,0,0
128,,5/24/99,VOLCAN MARIAS,28.7,,M,II,Pterygioteuthis,,0.35,0.4,0,0,0,0,0,0,0,0,0,0,0,0,0,0,0,0,0,0,0,0,0,0,0,0,0,0,0,0,0,0,0,0,0,0
119,,5/24/99,VOLCAN MARIAS,29,,M,II,Pterygioteuthis,last two are URL,0.4,0.4,0.35,0.35,0.4,0,0,0,0,0,0,0,0,0,0,0,0,0,0,0,0,0,0,0,0,0,0,0,0,0,0,0,0,0,0,0
188,,5/25/99,VOLCAN MARIAS,29.6,,H,II,Pterygioteuthis,,0.35,0,0,0,0,0,0,0,0,0,0,0,0,0,0,0,0,0,0,0,0,0,0,0,0,0,0,0,0,0,0,0,0,0,0,0
126,,5/24/99,VOLCAN MARIAS,30.9,,H,II,Pterygioteuthis,URL,0.45,0.45,0.4,0,0,0,0,0,0,0,0,0,0,0,0,0,0,0,0,0,0,0,0,0,0,0,0,0,0,0,0,0,0,0,0,0
41,,5/22/99,TOPOLOBAMPO,31.4,570.9,H,IV,Pterygioteuthis,,0.45,0,0,0,0,0,0,0,0,0,0,0,0,0,0,0,0,0,0,0,0,0,0,0,0,0,0,0,0,0,0,0,0,0,0,0
65,,5/22/99,TOPOLOBAMPO,31.4,661,M,V,Pterygioteuthis,,0.45,0,0,0,0,0,0,0,0,0,0,0,0,0,0,0,0,0,0,0,0,0,0,0,0,0,0,0,0,0,0,0,0,0,0,0
114,,5/24/99,VOLCAN MARIAS,31.4,,M,V,Pterygioteuthis,,0.35,0,0,0,0,0,0,0,0,0,0,0,0,0,0,0,0,0,0,0,0,0,0,0,0,0,0,0,0,0,0,0,0,0,0,0
156,,5/24/99,VOLCAN MARIAS,31.5,,M,III,Pterygioteuthis,URL,0.4,0.4,0.4,0.4,0.3,0,0,0,0,0,0,0,0,0,0,0,0,0,0,0,0,0,0,0,0,0,0,0,0,0,0,0,0,0,0,0
107,,5/24/99,VOLCAN MARIAS,31.8,798,H,II,Pterygioteuthis,,0.4,0,0,0,0,0,0,0,0,0,0,0,0,0,0,0,0,0,0,0,0,0,0,0,0,0,0,0,0,0,0,0,0,0,0,0
247,,5/26/99,VOLCAN MARIAS,32,,H,V,Pterygioteuthis,,0.3,0,0,0,0,0,0,0,0,0,0,0,0,0,0,0,0,0,0,0,0,0,0,0,0,0,0,0,0,0,0,0,0,0,0,0
53,,5/22/99,TOPOLOBAMPO,32.3,712.2,M,IV,Pterygioteuthis,,0.2,0,0,0,0,0,0,0,0,0,0,0,0,0,0,0,0,0,0,0,0,0,0,0,0,0,0,0,0,0,0,0,0,0,0,0
110,,5/24/99,VOLCAN MARIAS,32.6,835,H,V,Pterygioteuthis,URL,0.3,0.3,0,0,0,0,0,0,0,0,0,0,0,0,0,0,0,0,0,0,0,0,0,0,0,0,0,0,0,0,0,0,0,0,0,0
245,,5/26/99,VOLCAN MARIAS,32.6,,H,V,Pterygioteuthis,,0.4875,0,0,0,0,0,0,0,0,0,0,0,0,0,0,0,0,0,0,0,0,0,0,0,0,0,0,0,0,0,0,0,0,0,0,0
108,,5/24/99,VOLCAN MARIAS,32.8,840,M,V,Pterygioteuthis,URL,0.35,0,0,0,0,0,0,0,0,0,0,0,0,0,0,0,0,0,0,0,0,0,0,0,0,0,0,0,0,0,0,0,0,0,0,0
112,,5/24/99,VOLCAN MARIAS,33,,M,V,Pterygioteuthis,,0.45,0.4,0.45,0.45,0.45,0.4,0.4,0.4,0,0,0,0,0,0,0,0,0,0,0,0,0,0,0,0,0,0,0,0,0,0,0,0,0,0,0,0
147,,5/24/99,VOLCAN MARIAS,33,,H,II,Pterygioteuthis,,0.4,0.4,0,0,0,0,0,0,0,0,0,0,0,0,0,0,0,0,0,0,0,0,0,0,0,0,0,0,0,0,0,0,0,0,0,0
120,,5/24/99,VOLCAN MARIAS,33.1,,M,V,Pterygioteuthis,URL,0.4,0,0,0,0,0,0,0,0,0,0,0,0,0,0,0,0,0,0,0,0,0,0,0,0,0,0,0,0,0,0,0,0,0,0,0
51,,5/22/99,TOPOLOBAMPO,33.5,815.7,H,IV,Pterygioteuthis,,0.45,0,0,0,0,0,0,0,0,0,0,0,0,0,0,0,0,0,0,0,0,0,0,0,0,0,0,0,0,0,0,0,0,0,0,0
130,,5/24/99,VOLCAN MARIAS,33.5,,H,II,Pterygioteuthis,,0.4,0,0,0,0,0,0,0,0,0,0,0,0,0,0,0,0,0,0,0,0,0,0,0,0,0,0,0,0,0,0,0,0,0,0,0
149,,5/24/99,VOLCAN MARIAS,33.5,,M,III,Pterygioteuthis,URL,0.45,0.3,0.35,0,0,0,0,0,0,0,0,0,0,0,0,0,0,0,0,0,0,0,0,0,0,0,0,0,0,0,0,0,0,0,0,0
132,,5/24/99,VOLCAN MARIAS,33.7,,M,V,Pterygioteuthis,URL,0.35,0,0,0,0,0,0,0,0,0,0,0,0,0,0,0,0,0,0,0,0,0,0,0,0,0,0,0,0,0,0,0,0,0,0,0
233,,5/26/99,VOLCAN MARIAS,35.3,,H,III,Pterygioteuthis,,0.3,0,0,0,0,0,0,0,0,0,0,0,0,0,0,0,0,0,0,0,0,0,0,0,0,0,0,0,0,0,0,0,0,0,0,0
SR Oct 2006,4,10/20/2006,Sta Rosalia,68.5,,F,3,Pterygioteuthis,,0.65,0.45,0.55,0,0,0,0,0,0,0,0,0,0,0,0,0,0,0,0,0,0,0,0,0,0,0,0,0,0,0,0,0,0,0,0,0
SR Oct 2006,7,10/20/2006,Sta Rosalia,71,,F,5,Pterygioteuthis,,0.6,0.5,0.45,0.5,0.55,0.5,0.4,0.5,0.5,0.55,0.5,0.6,0.5,0,0,0,0,0,0,0,0,0,0,0,0,0,0,0,0,0,0,0,0,0,0,0
SR Oct 2006,10,10/20/2006,Sta Rosalia,71,,M,3,Pterygioteuthis,,0.6,0.5,0.5,0.45,0.5,0.6,0.6,0,0,0,0,0,0,0,0,0,0,0,0,0,0,0,0,0,0,0,0,0,0,0,0,0,0,0,0,0
SR Oct 2006,6,10/20/2006,Sta Rosalia,58,,M,5,Pterygioteuthis,,0.6,0,0,0,0,0,0,0,0,0,0,0,0,0,0,0,0,0,0,0,0,0,0,0,0,0,0,0,0,0,0,0,0,0,0,0
SPM7 Jul 2006,18,7/21/2006  20:55:00 PM,SPM7,52.5,,F,III,Pterygioteuthis,,0.6,0.5,0.5,0.45,0.45,0,0,0,0,0,0,0,0,0,0,0,0,0,0,0,0,0,0,0,0,0,0,0,0,0,0,0,0,0,0,0
SR Nov 07,33,10-11-07,Sta Rosalia,51.5,,F,1,Pterygioteuthis,,0.6,0.5,0.52,0.42,0.5,0,0,0,0,0,0,0,0,0,0,0,0,0,0,0,0,0,0,0,0,0,0,0,0,0,0,0,0,0,0,0
SR Oct 2006,5,10/20/2006,Sta Rosalia,66,,F,<3,Pterygioteuthis,,0.55,0,0,0,0,0,0,0,0,0,0,0,0,0,0,0,0,0,0,0,0,0,0,0,0,0,0,0,0,0,0,0,0,0,0,0
SR Jun 2005,12,6/13/05,SANTA ROSALIA 13/06/05,43.5,,F,2,Pterygioteuthis,,0.55,0,0,0,0,0,0,0,0,0,0,0,0,0,0,0,0,0,0,0,0,0,0,0,0,0,0,0,0,0,0,0,0,0,0,0
Santa Rosalia March 2007,No data,,Misceanea,,,,,Pterygioteuthis,,0.55,0,0,0,0,0,0,0,0,0,0,0,0,0,0,0,0,0,0,0,0,0,0,0,0,0,0,0,0,0,0,0,0,0,0,0
SR Oct 2006,2,10/20/2006,Sta Rosalia,74,,M,5,Pterygioteuthis,,0.5,0,0,0,0,0,0,0,0,0,0,0,0,0,0,0,0,0,0,0,0,0,0,0,0,0,0,0,0,0,0,0,0,0,0,0
SR Oct 2006,14,10/20/2006,Sta Rosalia,74,,F,3,Pterygioteuthis,,0.5,0,0,0,0,0,0,0,0,0,0,0,0,0,0,0,0,0,0,0,0,0,0,0,0,0,0,0,0,0,0,0,0,0,0,0
SR Jul 2006,41,07/14/06,SR,58,,F,III,Pterygioteuthis,,0.5,0.5,0.4,0.4,0.4,0.4,0.5,0.4,0.4,0.45,0.35,0.4,0.35,0,0,0,0,0,0,0,0,0,0,0,0,0,0,0,0,0,0,0,0,0,0,0
SPM Jul 2006,3,7/17/2006  21:15:00 PM,SPM,58,,M,V,Pterygioteuthis,,0.5,0.5,0.4,0,0,0,0,0,0,0,0,0,0,0,0,0,0,0,0,0,0,0,0,0,0,0,0,0,0,0,0,0,0,0,0,0
SR Nov 07,27,10-11-07,Sta Rosalia,58,,M,5,Pterygioteuthis,,0.5,0.4,0.5,0.5,0.5,0.44,0.42,0.4,0.46,0.42,0.42,0.44,0,0,0,0,0,0,0,0,0,0,0,0,0,0,0,0,0,0,0,0,0,0,0,0
SPM Jul 2006,1,7/17/2006  21:15:00 PM,SPM,55,,F,II,Pterygioteuthis,,0.5,0.5,0.4,0.4,0,0,0,0,0,0,0,0,0,0,0,0,0,0,0,0,0,0,0,0,0,0,0,0,0,0,0,0,0,0,0,0
SR Nov 07,11,10-11-07,Sta Rosalia,51,,F,1,Pterygioteuthis,,0.5,0,0,0,0,0,0,0,0,0,0,0,0,0,0,0,0,0,0,0,0,0,0,0,0,0,0,0,0,0,0,0,0,0,0,0
SPM7 Jul 2006,6,7/21/2006  20:55:00 PM,SPM7,46,,F,II,Pterygioteuthis,,0.5,0,0,0,0,0,0,0,0,0,0,0,0,0,0,0,0,0,0,0,0,0,0,0,0,0,0,0,0,0,0,0,0,0,0,0
SR Nov 07,1,10-11-07,Sta Rosalia,46,,M,2,Pterygioteuthis,,0.5,0.44,0,0,0,0,0,0,0,0,0,0,0,0,0,0,0,0,0,0,0,0,0,0,0,0,0,0,0,0,0,0,0,0,0,0
SPM6 Jul 2006,14,7/20/2006  20:30:00 PM,SPM6,42,,M,II,Pterygioteuthis,,0.5,0,0,0,0,0,0,0,0,0,0,0,0,0,0,0,0,0,0,0,0,0,0,0,0,0,0,0,0,0,0,0,0,0,0,0
SPM7 Jul 2006,12?,7/21/2006  20:55:00 PM,SPM7,,,,,Pterygioteuthis,,0.5,0,0,0,0,0,0,0,0,0,0,0,0,0,0,0,0,0,0,0,0,0,0,0,0,0,0,0,0,0,0,0,0,0,0,0
SR Nov 07,14,10-11-07,Sta Rosalia,54,,F,1,Pterygioteuthis,,0.48,0.44,0.5,0.5,0.5,0,0,0,0,0,0,0,0,0,0,0,0,0,0,0,0,0,0,0,0,0,0,0,0,0,0,0,0,0,0,0
SR Nov 07,26,10-11-07,Sta Rosalia,52,,M,4,Pterygioteuthis,,0.46,0,0,0,0,0,0,0,0,0,0,0,0,0,0,0,0,0,0,0,0,0,0,0,0,0,0,0,0,0,0,0,0,0,0,0
SR Nov 07,32,10-11-07,Sta Rosalia,49,,M,1,Pterygioteuthis,,0.46,0.5,0.5,0.48,0,0,0,0,0,0,0,0,0,0,0,0,0,0,0,0,0,0,0,0,0,0,0,0,0,0,0,0,0,0,0,0
SR Nov 07,13,10-11-07,Sta Rosalia,51.5,,M,3,Pterygioteuthis,,0.45,0,0,0,0,0,0,0,0,0,0,0,0,0,0,0,0,0,0,0,0,0,0,0,0,0,0,0,0,0,0,0,0,0,0,0
SPM7 Jul 2006,7,7/21/2006  20:55:00 PM,SPM7,41,,M,V,Pterygioteuthis,,0.45,0.5,0,0,0,0,0,0,0,0,0,0,0,0,0,0,0,0,0,0,0,0,0,0,0,0,0,0,0,0,0,0,0,0,0,0
SR Nov 07,28,10-11-07,Sta Rosalia,58,,F,1,Pterygioteuthis,,0.44,0,0,0,0,0,0,0,0,0,0,0,0,0,0,0,0,0,0,0,0,0,0,0,0,0,0,0,0,0,0,0,0,0,0,0
SR Nov 07,24,10-11-07,Sta Rosalia,55,,M,5,Pterygioteuthis,,0.44,0.38,0,0,0,0,0,0,0,0,0,0,0,0,0,0,0,0,0,0,0,0,0,0,0,0,0,0,0,0,0,0,0,0,0,0
SR Nov 07,2,10-11-07,Sta Rosalia,52,,M,2,Pterygioteuthis,,0.44,0,0,0,0,0,0,0,0,0,0,0,0,0,0,0,0,0,0,0,0,0,0,0,0,0,0,0,0,0,0,0,0,0,0,0
SR Nov 07,18,10-11-07,Sta Rosalia,73,,M,5,Pterygioteuthis,,0.42,0,0,0,0,0,0,0,0,0,0,0,0,0,0,0,0,0,0,0,0,0,0,0,0,0,0,0,0,0,0,0,0,0,0,0
Santa Rosalia March 2007,A33,03/22/07,,55,,F,2,Pterygioteuthis,,0.4,0.4,0.4,0.3,0.4,0.45,0.3,0.4,0.3,0.4,0.3,0.4,0.3,0.4,0.4,0.4,0.3,0.35,0,0,0,0,0,0,0,0,0,0,0,0,0,0,0,0,0,0
SR Nov 07,8,10-11-07,Sta Rosalia,54,,F,1,Pterygioteuthis,,0.4,0.44,0.3,0.36,0.36,0.4,0.4,0.44,0.44,0.42,0.44,0.42,0.4,0.46,0,0,0,0,0,0,0,0,0,0,0,0,0,0,0,0,0,0,0,0,0,0
SR Nov 07,3,10-11-07,Sta Rosalia,51,,M,4,Pterygioteuthis,,0.4,0.48,0,0,0,0,0,0,0,0,0,0,0,0,0,0,0,0,0,0,0,0,0,0,0,0,0,0,0,0,0,0,0,0,0,0
SPM6 Jul 2006,8,7/20/2006  20:30:00 PM,SPM6,48,,F,II,Pterygioteuthis,,0.4,0,0,0,0,0,0,0,0,0,0,0,0,0,0,0,0,0,0,0,0,0,0,0,0,0,0,0,0,0,0,0,0,0,0,0
SPM6 Jul 2006,22,7/20/2006  22:00:00 PM,SPM6,48,,M,IV,Pterygioteuthis,,0.4,0.5,0.6,0.35,0.4,0.5,0.4,0.5,0.5,0.4,0.5,0,0,0,0,0,0,0,0,0,0,0,0,0,0,0,0,0,0,0,0,0,0,0,0,0
SPM7 Jul 2006,12,7/21/2006  20:55:00 PM,SPM7,44,,F,II,Pterygioteuthis,,0.4,0,0,0,0,0,0,0,0,0,0,0,0,0,0,0,0,0,0,0,0,0,0,0,0,0,0,0,0,0,0,0,0,0,0,0
SPM7 Jul 2006,10,7/21/2006  20:55:00 PM,SPM7,39,,F,II,Pterygioteuthis,,0.4,0.35,0,0,0,0,0,0,0,0,0,0,0,0,0,0,0,0,0,0,0,0,0,0,0,0,0,0,0,0,0,0,0,0,0,0
SPM6 Jul 2006,15,7/20/2006  20:30:00 PM,SPM6,36,,F,II,Pterygioteuthis,,0.4,0.4,0.6,0,0,0,0,0,0,0,0,0,0,0,0,0,0,0,0,0,0,0,0,0,0,0,0,0,0,0,0,0,0,0,0,0
Santa Rosalia March 2007,A37,03/22/07,,45,,M,3,Pterygioteuthis,,0.4,0.4,0.3,0.4,0.35,0.35,0.25,0.25,0,0,0,0,0,0,0,0,0,0,0,0,0,0,0,0,0,0,0,0,0,0,0,0,0,0,0,0
SR Oct 2006,13,10/20/2006,Sta Rosalia,75,,F,3,Pterygioteuthis,,0.3,0,0,0,0,0,0,0,0,0,0,0,0,0,0,0,0,0,0,0,0,0,0,0,0,0,0,0,0,0,0,0,0,0,0,0
San Carlos March 2007,A1,03/17/07,,43.7,,F,II,Pterygioteuthis,,0.3,0,0,0,0,0,0,0,0,0,0,0,0,0,0,0,0,0,0,0,0,0,0,0,0,0,0,0,0,0,0,0,0,0,0,0
SPM7 Jul 2006,4,7/21/2006  20:55:00 PM,SPM7,25.7,,F,II,Pterygioteuthis,,0.2,0,0,0,0,0,0,0,0,0,0,0,0,0,0,0,0,0,0,0,0,0,0,0,0,0,0,0,0,0,0,0,0,0,0,0